[2026-05-16 13:27:19] local.ERROR: Vite manifest not found at: /Users/meshach/Code/Catalyst-Internal/Catalyst IQ Website/apps/backend/public/build/manifest.json (View: /Users/meshach/Code/Catalyst-Internal/Catalyst IQ Website/apps/backend/resources/views/layouts/dashboard.blade.php) (View: /Users/meshach/Code/Catalyst-Internal/Catalyst IQ Website/apps/backend/resources/views/layouts/dashboard.blade.php) {"exception":"[object] (Illuminate\\View\\ViewException(code: 0): Vite manifest not found at: /Users/meshach/Code/Catalyst-Internal/Catalyst IQ Website/apps/backend/public/build/manifest.json (View: /Users/meshach/Code/Catalyst-Internal/Catalyst IQ Website/apps/backend/resources/views/layouts/dashboard.blade.php) (View: /Users/meshach/Code/Catalyst-Internal/Catalyst IQ Website/apps/backend/resources/views/layouts/dashboard.blade.php) at /Users/meshach/Code/Catalyst-Internal/Catalyst IQ Website/apps/backend/vendor/laravel/framework/src/Illuminate/Foundation/Vite.php:934)
[stacktrace]
#0 /Users/meshach/Code/Catalyst-Internal/Catalyst IQ Website/apps/backend/vendor/livewire/livewire/src/Mechanisms/ExtendBlade/ExtendedCompilerEngine.php(58): Illuminate\\View\\Engines\\CompilerEngine->handleViewException(Object(Illuminate\\View\\ViewException), 1)
#1 /Users/meshach/Code/Catalyst-Internal/Catalyst IQ Website/apps/backend/vendor/laravel/framework/src/Illuminate/View/Engines/PhpEngine.php(60): Livewire\\Mechanisms\\ExtendBlade\\ExtendedCompilerEngine->handleViewException(Object(Illuminate\\View\\ViewException), 1)
#2 /Users/meshach/Code/Catalyst-Internal/Catalyst IQ Website/apps/backend/vendor/livewire/livewire/src/Mechanisms/ExtendBlade/ExtendedCompilerEngine.php(22): Illuminate\\View\\Engines\\PhpEngine->evaluatePath('/Users/meshach/...', Array)
#3 /Users/meshach/Code/Catalyst-Internal/Catalyst IQ Website/apps/backend/vendor/laravel/framework/src/Illuminate/View/Engines/CompilerEngine.php(75): Livewire\\Mechanisms\\ExtendBlade\\ExtendedCompilerEngine->evaluatePath('/Users/meshach/...', Array)
#4 /Users/meshach/Code/Catalyst-Internal/Catalyst IQ Website/apps/backend/vendor/livewire/livewire/src/Mechanisms/ExtendBlade/ExtendedCompilerEngine.php(10): Illuminate\\View\\Engines\\CompilerEngine->get('/Users/meshach/...', Array)
#5 /Users/meshach/Code/Catalyst-Internal/Catalyst IQ Website/apps/backend/vendor/laravel/framework/src/Illuminate/View/View.php(209): Livewire\\Mechanisms\\ExtendBlade\\ExtendedCompilerEngine->get('/Users/meshach/...', Array)
#6 /Users/meshach/Code/Catalyst-Internal/Catalyst IQ Website/apps/backend/vendor/laravel/framework/src/Illuminate/View/View.php(192): Illuminate\\View\\View->getContents()
#7 /Users/meshach/Code/Catalyst-Internal/Catalyst IQ Website/apps/backend/vendor/laravel/framework/src/Illuminate/View/View.php(161): Illuminate\\View\\View->renderContents()
#8 /Users/meshach/Code/Catalyst-Internal/Catalyst IQ Website/apps/backend/vendor/laravel/framework/src/Illuminate/View/Compilers/BladeCompiler.php(337): Illuminate\\View\\View->render()
#9 /Users/meshach/Code/Catalyst-Internal/Catalyst IQ Website/apps/backend/vendor/laravel/framework/src/Illuminate/Support/Facades/Facade.php(361): Illuminate\\View\\Compilers\\BladeCompiler::render('    <?php $layo...', Array)
#10 /Users/meshach/Code/Catalyst-Internal/Catalyst IQ Website/apps/backend/vendor/livewire/livewire/src/Features/SupportPageComponents/SupportPageComponents.php(153): Illuminate\\Support\\Facades\\Facade::__callStatic('render', Array)
#11 /Users/meshach/Code/Catalyst-Internal/Catalyst IQ Website/apps/backend/vendor/livewire/livewire/src/Features/SupportPageComponents/HandlesPageComponents.php(24): Livewire\\Features\\SupportPageComponents\\SupportPageComponents::renderContentsIntoLayout('<div wire:snaps...', Object(Livewire\\Features\\SupportPageComponents\\PageComponentConfig))
#12 /Users/meshach/Code/Catalyst-Internal/Catalyst IQ Website/apps/backend/vendor/laravel/framework/src/Illuminate/Routing/ControllerDispatcher.php(47): Livewire\\Component->__invoke()
#13 /Users/meshach/Code/Catalyst-Internal/Catalyst IQ Website/apps/backend/vendor/laravel/framework/src/Illuminate/Routing/Route.php(266): Illuminate\\Routing\\ControllerDispatcher->dispatch(Object(Illuminate\\Routing\\Route), Object(App\\Livewire\\OrgOverview), '__invoke')
#14 /Users/meshach/Code/Catalyst-Internal/Catalyst IQ Website/apps/backend/vendor/laravel/framework/src/Illuminate/Routing/Route.php(212): Illuminate\\Routing\\Route->runController()
#15 /Users/meshach/Code/Catalyst-Internal/Catalyst IQ Website/apps/backend/vendor/laravel/framework/src/Illuminate/Routing/Router.php(808): Illuminate\\Routing\\Route->run()
#16 /Users/meshach/Code/Catalyst-Internal/Catalyst IQ Website/apps/backend/vendor/laravel/framework/src/Illuminate/Pipeline/Pipeline.php(170): Illuminate\\Routing\\Router->{closure:Illuminate\\Routing\\Router::runRouteWithinStack():807}(Object(Illuminate\\Http\\Request))
#17 /Users/meshach/Code/Catalyst-Internal/Catalyst IQ Website/apps/backend/app/Http/Middleware/BasicAuth.php(17): Illuminate\\Pipeline\\Pipeline->{closure:Illuminate\\Pipeline\\Pipeline::prepareDestination():168}(Object(Illuminate\\Http\\Request))
#18 /Users/meshach/Code/Catalyst-Internal/Catalyst IQ Website/apps/backend/vendor/laravel/framework/src/Illuminate/Pipeline/Pipeline.php(209): App\\Http\\Middleware\\BasicAuth->handle(Object(Illuminate\\Http\\Request), Object(Closure))
#19 /Users/meshach/Code/Catalyst-Internal/Catalyst IQ Website/apps/backend/vendor/laravel/framework/src/Illuminate/Routing/Middleware/SubstituteBindings.php(51): Illuminate\\Pipeline\\Pipeline->{closure:{closure:Illuminate\\Pipeline\\Pipeline::carry():184}:185}(Object(Illuminate\\Http\\Request))
#20 /Users/meshach/Code/Catalyst-Internal/Catalyst IQ Website/apps/backend/vendor/laravel/framework/src/Illuminate/Pipeline/Pipeline.php(209): Illuminate\\Routing\\Middleware\\SubstituteBindings->handle(Object(Illuminate\\Http\\Request), Object(Closure))
#21 /Users/meshach/Code/Catalyst-Internal/Catalyst IQ Website/apps/backend/vendor/laravel/framework/src/Illuminate/Foundation/Http/Middleware/VerifyCsrfToken.php(88): Illuminate\\Pipeline\\Pipeline->{closure:{closure:Illuminate\\Pipeline\\Pipeline::carry():184}:185}(Object(Illuminate\\Http\\Request))
#22 /Users/meshach/Code/Catalyst-Internal/Catalyst IQ Website/apps/backend/vendor/laravel/framework/src/Illuminate/Pipeline/Pipeline.php(209): Illuminate\\Foundation\\Http\\Middleware\\VerifyCsrfToken->handle(Object(Illuminate\\Http\\Request), Object(Closure))
#23 /Users/meshach/Code/Catalyst-Internal/Catalyst IQ Website/apps/backend/vendor/laravel/framework/src/Illuminate/View/Middleware/ShareErrorsFromSession.php(49): Illuminate\\Pipeline\\Pipeline->{closure:{closure:Illuminate\\Pipeline\\Pipeline::carry():184}:185}(Object(Illuminate\\Http\\Request))
#24 /Users/meshach/Code/Catalyst-Internal/Catalyst IQ Website/apps/backend/vendor/laravel/framework/src/Illuminate/Pipeline/Pipeline.php(209): Illuminate\\View\\Middleware\\ShareErrorsFromSession->handle(Object(Illuminate\\Http\\Request), Object(Closure))
#25 /Users/meshach/Code/Catalyst-Internal/Catalyst IQ Website/apps/backend/vendor/laravel/framework/src/Illuminate/Session/Middleware/StartSession.php(121): Illuminate\\Pipeline\\Pipeline->{closure:{closure:Illuminate\\Pipeline\\Pipeline::carry():184}:185}(Object(Illuminate\\Http\\Request))
#26 /Users/meshach/Code/Catalyst-Internal/Catalyst IQ Website/apps/backend/vendor/laravel/framework/src/Illuminate/Session/Middleware/StartSession.php(64): Illuminate\\Session\\Middleware\\StartSession->handleStatefulRequest(Object(Illuminate\\Http\\Request), Object(Illuminate\\Session\\Store), Object(Closure))
#27 /Users/meshach/Code/Catalyst-Internal/Catalyst IQ Website/apps/backend/vendor/laravel/framework/src/Illuminate/Pipeline/Pipeline.php(209): Illuminate\\Session\\Middleware\\StartSession->handle(Object(Illuminate\\Http\\Request), Object(Closure))
#28 /Users/meshach/Code/Catalyst-Internal/Catalyst IQ Website/apps/backend/vendor/laravel/framework/src/Illuminate/Cookie/Middleware/AddQueuedCookiesToResponse.php(37): Illuminate\\Pipeline\\Pipeline->{closure:{closure:Illuminate\\Pipeline\\Pipeline::carry():184}:185}(Object(Illuminate\\Http\\Request))
#29 /Users/meshach/Code/Catalyst-Internal/Catalyst IQ Website/apps/backend/vendor/laravel/framework/src/Illuminate/Pipeline/Pipeline.php(209): Illuminate\\Cookie\\Middleware\\AddQueuedCookiesToResponse->handle(Object(Illuminate\\Http\\Request), Object(Closure))
#30 /Users/meshach/Code/Catalyst-Internal/Catalyst IQ Website/apps/backend/vendor/laravel/framework/src/Illuminate/Cookie/Middleware/EncryptCookies.php(75): Illuminate\\Pipeline\\Pipeline->{closure:{closure:Illuminate\\Pipeline\\Pipeline::carry():184}:185}(Object(Illuminate\\Http\\Request))
#31 /Users/meshach/Code/Catalyst-Internal/Catalyst IQ Website/apps/backend/vendor/laravel/framework/src/Illuminate/Pipeline/Pipeline.php(209): Illuminate\\Cookie\\Middleware\\EncryptCookies->handle(Object(Illuminate\\Http\\Request), Object(Closure))
#32 /Users/meshach/Code/Catalyst-Internal/Catalyst IQ Website/apps/backend/vendor/laravel/framework/src/Illuminate/Pipeline/Pipeline.php(127): Illuminate\\Pipeline\\Pipeline->{closure:{closure:Illuminate\\Pipeline\\Pipeline::carry():184}:185}(Object(Illuminate\\Http\\Request))
#33 /Users/meshach/Code/Catalyst-Internal/Catalyst IQ Website/apps/backend/vendor/laravel/framework/src/Illuminate/Routing/Router.php(807): Illuminate\\Pipeline\\Pipeline->then(Object(Closure))
#34 /Users/meshach/Code/Catalyst-Internal/Catalyst IQ Website/apps/backend/vendor/laravel/framework/src/Illuminate/Routing/Router.php(786): Illuminate\\Routing\\Router->runRouteWithinStack(Object(Illuminate\\Routing\\Route), Object(Illuminate\\Http\\Request))
#35 /Users/meshach/Code/Catalyst-Internal/Catalyst IQ Website/apps/backend/vendor/laravel/framework/src/Illuminate/Routing/Router.php(750): Illuminate\\Routing\\Router->runRoute(Object(Illuminate\\Http\\Request), Object(Illuminate\\Routing\\Route))
#36 /Users/meshach/Code/Catalyst-Internal/Catalyst IQ Website/apps/backend/vendor/laravel/framework/src/Illuminate/Routing/Router.php(739): Illuminate\\Routing\\Router->dispatchToRoute(Object(Illuminate\\Http\\Request))
#37 /Users/meshach/Code/Catalyst-Internal/Catalyst IQ Website/apps/backend/vendor/laravel/framework/src/Illuminate/Foundation/Http/Kernel.php(201): Illuminate\\Routing\\Router->dispatch(Object(Illuminate\\Http\\Request))
#38 /Users/meshach/Code/Catalyst-Internal/Catalyst IQ Website/apps/backend/vendor/laravel/framework/src/Illuminate/Pipeline/Pipeline.php(170): Illuminate\\Foundation\\Http\\Kernel->{closure:Illuminate\\Foundation\\Http\\Kernel::dispatchToRouter():198}(Object(Illuminate\\Http\\Request))
#39 /Users/meshach/Code/Catalyst-Internal/Catalyst IQ Website/apps/backend/vendor/livewire/livewire/src/Features/SupportDisablingBackButtonCache/DisableBackButtonCacheMiddleware.php(19): Illuminate\\Pipeline\\Pipeline->{closure:Illuminate\\Pipeline\\Pipeline::prepareDestination():168}(Object(Illuminate\\Http\\Request))
#40 /Users/meshach/Code/Catalyst-Internal/Catalyst IQ Website/apps/backend/vendor/laravel/framework/src/Illuminate/Pipeline/Pipeline.php(209): Livewire\\Features\\SupportDisablingBackButtonCache\\DisableBackButtonCacheMiddleware->handle(Object(Illuminate\\Http\\Request), Object(Closure))
#41 /Users/meshach/Code/Catalyst-Internal/Catalyst IQ Website/apps/backend/vendor/laravel/framework/src/Illuminate/Foundation/Http/Middleware/TransformsRequest.php(21): Illuminate\\Pipeline\\Pipeline->{closure:{closure:Illuminate\\Pipeline\\Pipeline::carry():184}:185}(Object(Illuminate\\Http\\Request))
#42 /Users/meshach/Code/Catalyst-Internal/Catalyst IQ Website/apps/backend/vendor/laravel/framework/src/Illuminate/Foundation/Http/Middleware/ConvertEmptyStringsToNull.php(31): Illuminate\\Foundation\\Http\\Middleware\\TransformsRequest->handle(Object(Illuminate\\Http\\Request), Object(Closure))
#43 /Users/meshach/Code/Catalyst-Internal/Catalyst IQ Website/apps/backend/vendor/laravel/framework/src/Illuminate/Pipeline/Pipeline.php(209): Illuminate\\Foundation\\Http\\Middleware\\ConvertEmptyStringsToNull->handle(Object(Illuminate\\Http\\Request), Object(Closure))
#44 /Users/meshach/Code/Catalyst-Internal/Catalyst IQ Website/apps/backend/vendor/laravel/framework/src/Illuminate/Foundation/Http/Middleware/TransformsRequest.php(21): Illuminate\\Pipeline\\Pipeline->{closure:{closure:Illuminate\\Pipeline\\Pipeline::carry():184}:185}(Object(Illuminate\\Http\\Request))
#45 /Users/meshach/Code/Catalyst-Internal/Catalyst IQ Website/apps/backend/vendor/laravel/framework/src/Illuminate/Foundation/Http/Middleware/TrimStrings.php(51): Illuminate\\Foundation\\Http\\Middleware\\TransformsRequest->handle(Object(Illuminate\\Http\\Request), Object(Closure))
#46 /Users/meshach/Code/Catalyst-Internal/Catalyst IQ Website/apps/backend/vendor/laravel/framework/src/Illuminate/Pipeline/Pipeline.php(209): Illuminate\\Foundation\\Http\\Middleware\\TrimStrings->handle(Object(Illuminate\\Http\\Request), Object(Closure))
#47 /Users/meshach/Code/Catalyst-Internal/Catalyst IQ Website/apps/backend/vendor/laravel/framework/src/Illuminate/Http/Middleware/ValidatePostSize.php(27): Illuminate\\Pipeline\\Pipeline->{closure:{closure:Illuminate\\Pipeline\\Pipeline::carry():184}:185}(Object(Illuminate\\Http\\Request))
#48 /Users/meshach/Code/Catalyst-Internal/Catalyst IQ Website/apps/backend/vendor/laravel/framework/src/Illuminate/Pipeline/Pipeline.php(209): Illuminate\\Http\\Middleware\\ValidatePostSize->handle(Object(Illuminate\\Http\\Request), Object(Closure))
#49 /Users/meshach/Code/Catalyst-Internal/Catalyst IQ Website/apps/backend/vendor/laravel/framework/src/Illuminate/Foundation/Http/Middleware/PreventRequestsDuringMaintenance.php(110): Illuminate\\Pipeline\\Pipeline->{closure:{closure:Illuminate\\Pipeline\\Pipeline::carry():184}:185}(Object(Illuminate\\Http\\Request))
#50 /Users/meshach/Code/Catalyst-Internal/Catalyst IQ Website/apps/backend/vendor/laravel/framework/src/Illuminate/Pipeline/Pipeline.php(209): Illuminate\\Foundation\\Http\\Middleware\\PreventRequestsDuringMaintenance->handle(Object(Illuminate\\Http\\Request), Object(Closure))
#51 /Users/meshach/Code/Catalyst-Internal/Catalyst IQ Website/apps/backend/vendor/laravel/framework/src/Illuminate/Http/Middleware/HandleCors.php(49): Illuminate\\Pipeline\\Pipeline->{closure:{closure:Illuminate\\Pipeline\\Pipeline::carry():184}:185}(Object(Illuminate\\Http\\Request))
#52 /Users/meshach/Code/Catalyst-Internal/Catalyst IQ Website/apps/backend/vendor/laravel/framework/src/Illuminate/Pipeline/Pipeline.php(209): Illuminate\\Http\\Middleware\\HandleCors->handle(Object(Illuminate\\Http\\Request), Object(Closure))
#53 /Users/meshach/Code/Catalyst-Internal/Catalyst IQ Website/apps/backend/vendor/laravel/framework/src/Illuminate/Http/Middleware/TrustProxies.php(58): Illuminate\\Pipeline\\Pipeline->{closure:{closure:Illuminate\\Pipeline\\Pipeline::carry():184}:185}(Object(Illuminate\\Http\\Request))
#54 /Users/meshach/Code/Catalyst-Internal/Catalyst IQ Website/apps/backend/vendor/laravel/framework/src/Illuminate/Pipeline/Pipeline.php(209): Illuminate\\Http\\Middleware\\TrustProxies->handle(Object(Illuminate\\Http\\Request), Object(Closure))
#55 /Users/meshach/Code/Catalyst-Internal/Catalyst IQ Website/apps/backend/vendor/laravel/framework/src/Illuminate/Foundation/Http/Middleware/InvokeDeferredCallbacks.php(22): Illuminate\\Pipeline\\Pipeline->{closure:{closure:Illuminate\\Pipeline\\Pipeline::carry():184}:185}(Object(Illuminate\\Http\\Request))
#56 /Users/meshach/Code/Catalyst-Internal/Catalyst IQ Website/apps/backend/vendor/laravel/framework/src/Illuminate/Pipeline/Pipeline.php(209): Illuminate\\Foundation\\Http\\Middleware\\InvokeDeferredCallbacks->handle(Object(Illuminate\\Http\\Request), Object(Closure))
#57 /Users/meshach/Code/Catalyst-Internal/Catalyst IQ Website/apps/backend/vendor/laravel/framework/src/Illuminate/Pipeline/Pipeline.php(127): Illuminate\\Pipeline\\Pipeline->{closure:{closure:Illuminate\\Pipeline\\Pipeline::carry():184}:185}(Object(Illuminate\\Http\\Request))
#58 /Users/meshach/Code/Catalyst-Internal/Catalyst IQ Website/apps/backend/vendor/laravel/framework/src/Illuminate/Foundation/Http/Kernel.php(176): Illuminate\\Pipeline\\Pipeline->then(Object(Closure))
#59 /Users/meshach/Code/Catalyst-Internal/Catalyst IQ Website/apps/backend/vendor/laravel/framework/src/Illuminate/Foundation/Http/Kernel.php(145): Illuminate\\Foundation\\Http\\Kernel->sendRequestThroughRouter(Object(Illuminate\\Http\\Request))
#60 /Users/meshach/Code/Catalyst-Internal/Catalyst IQ Website/apps/backend/vendor/laravel/framework/src/Illuminate/Foundation/Application.php(1220): Illuminate\\Foundation\\Http\\Kernel->handle(Object(Illuminate\\Http\\Request))
#61 /Users/meshach/Code/Catalyst-Internal/Catalyst IQ Website/apps/backend/public/index.php(20): Illuminate\\Foundation\\Application->handleRequest(Object(Illuminate\\Http\\Request))
#62 /Users/meshach/Code/Catalyst-Internal/Catalyst IQ Website/apps/backend/vendor/laravel/framework/src/Illuminate/Foundation/resources/server.php(23): require_once('/Users/meshach/...')
#63 {main}

[previous exception] [object] (Illuminate\\View\\ViewException(code: 0): Vite manifest not found at: /Users/meshach/Code/Catalyst-Internal/Catalyst IQ Website/apps/backend/public/build/manifest.json (View: /Users/meshach/Code/Catalyst-Internal/Catalyst IQ Website/apps/backend/resources/views/layouts/dashboard.blade.php) at /Users/meshach/Code/Catalyst-Internal/Catalyst IQ Website/apps/backend/vendor/laravel/framework/src/Illuminate/Foundation/Vite.php:934)
[stacktrace]
#0 /Users/meshach/Code/Catalyst-Internal/Catalyst IQ Website/apps/backend/vendor/livewire/livewire/src/Mechanisms/ExtendBlade/ExtendedCompilerEngine.php(58): Illuminate\\View\\Engines\\CompilerEngine->handleViewException(Object(Illuminate\\Foundation\\ViteManifestNotFoundException), 2)
#1 /Users/meshach/Code/Catalyst-Internal/Catalyst IQ Website/apps/backend/vendor/laravel/framework/src/Illuminate/View/Engines/PhpEngine.php(60): Livewire\\Mechanisms\\ExtendBlade\\ExtendedCompilerEngine->handleViewException(Object(Illuminate\\Foundation\\ViteManifestNotFoundException), 2)
#2 /Users/meshach/Code/Catalyst-Internal/Catalyst IQ Website/apps/backend/vendor/livewire/livewire/src/Mechanisms/ExtendBlade/ExtendedCompilerEngine.php(22): Illuminate\\View\\Engines\\PhpEngine->evaluatePath('/Users/meshach/...', Array)
#3 /Users/meshach/Code/Catalyst-Internal/Catalyst IQ Website/apps/backend/vendor/laravel/framework/src/Illuminate/View/Engines/CompilerEngine.php(75): Livewire\\Mechanisms\\ExtendBlade\\ExtendedCompilerEngine->evaluatePath('/Users/meshach/...', Array)
#4 /Users/meshach/Code/Catalyst-Internal/Catalyst IQ Website/apps/backend/vendor/livewire/livewire/src/Mechanisms/ExtendBlade/ExtendedCompilerEngine.php(10): Illuminate\\View\\Engines\\CompilerEngine->get('/Users/meshach/...', Array)
#5 /Users/meshach/Code/Catalyst-Internal/Catalyst IQ Website/apps/backend/vendor/laravel/framework/src/Illuminate/View/View.php(209): Livewire\\Mechanisms\\ExtendBlade\\ExtendedCompilerEngine->get('/Users/meshach/...', Array)
#6 /Users/meshach/Code/Catalyst-Internal/Catalyst IQ Website/apps/backend/vendor/laravel/framework/src/Illuminate/View/View.php(192): Illuminate\\View\\View->getContents()
#7 /Users/meshach/Code/Catalyst-Internal/Catalyst IQ Website/apps/backend/vendor/laravel/framework/src/Illuminate/View/View.php(161): Illuminate\\View\\View->renderContents()
#8 /Users/meshach/Code/Catalyst-Internal/Catalyst IQ Website/apps/backend/vendor/laravel/framework/src/Illuminate/View/Concerns/ManagesComponents.php(103): Illuminate\\View\\View->render()
#9 /Users/meshach/Code/Catalyst-Internal/Catalyst IQ Website/apps/backend/storage/framework/views/f87138645dc250e92d65d2be3fffa4c0.php(17): Illuminate\\View\\Factory->renderComponent()
#10 /Users/meshach/Code/Catalyst-Internal/Catalyst IQ Website/apps/backend/vendor/laravel/framework/src/Illuminate/Filesystem/Filesystem.php(123): require('/Users/meshach/...')
#11 /Users/meshach/Code/Catalyst-Internal/Catalyst IQ Website/apps/backend/vendor/laravel/framework/src/Illuminate/Filesystem/Filesystem.php(124): Illuminate\\Filesystem\\Filesystem::{closure:Illuminate\\Filesystem\\Filesystem::getRequire():120}()
#12 /Users/meshach/Code/Catalyst-Internal/Catalyst IQ Website/apps/backend/vendor/laravel/framework/src/Illuminate/View/Engines/PhpEngine.php(58): Illuminate\\Filesystem\\Filesystem->getRequire('/Users/meshach/...', Array)
#13 /Users/meshach/Code/Catalyst-Internal/Catalyst IQ Website/apps/backend/vendor/livewire/livewire/src/Mechanisms/ExtendBlade/ExtendedCompilerEngine.php(22): Illuminate\\View\\Engines\\PhpEngine->evaluatePath('/Users/meshach/...', Array)
#14 /Users/meshach/Code/Catalyst-Internal/Catalyst IQ Website/apps/backend/vendor/laravel/framework/src/Illuminate/View/Engines/CompilerEngine.php(75): Livewire\\Mechanisms\\ExtendBlade\\ExtendedCompilerEngine->evaluatePath('/Users/meshach/...', Array)
#15 /Users/meshach/Code/Catalyst-Internal/Catalyst IQ Website/apps/backend/vendor/livewire/livewire/src/Mechanisms/ExtendBlade/ExtendedCompilerEngine.php(10): Illuminate\\View\\Engines\\CompilerEngine->get('/Users/meshach/...', Array)
#16 /Users/meshach/Code/Catalyst-Internal/Catalyst IQ Website/apps/backend/vendor/laravel/framework/src/Illuminate/View/View.php(209): Livewire\\Mechanisms\\ExtendBlade\\ExtendedCompilerEngine->get('/Users/meshach/...', Array)
#17 /Users/meshach/Code/Catalyst-Internal/Catalyst IQ Website/apps/backend/vendor/laravel/framework/src/Illuminate/View/View.php(192): Illuminate\\View\\View->getContents()
#18 /Users/meshach/Code/Catalyst-Internal/Catalyst IQ Website/apps/backend/vendor/laravel/framework/src/Illuminate/View/View.php(161): Illuminate\\View\\View->renderContents()
#19 /Users/meshach/Code/Catalyst-Internal/Catalyst IQ Website/apps/backend/vendor/laravel/framework/src/Illuminate/View/Compilers/BladeCompiler.php(337): Illuminate\\View\\View->render()
#20 /Users/meshach/Code/Catalyst-Internal/Catalyst IQ Website/apps/backend/vendor/laravel/framework/src/Illuminate/Support/Facades/Facade.php(361): Illuminate\\View\\Compilers\\BladeCompiler::render('    <?php $layo...', Array)
#21 /Users/meshach/Code/Catalyst-Internal/Catalyst IQ Website/apps/backend/vendor/livewire/livewire/src/Features/SupportPageComponents/SupportPageComponents.php(153): Illuminate\\Support\\Facades\\Facade::__callStatic('render', Array)
#22 /Users/meshach/Code/Catalyst-Internal/Catalyst IQ Website/apps/backend/vendor/livewire/livewire/src/Features/SupportPageComponents/HandlesPageComponents.php(24): Livewire\\Features\\SupportPageComponents\\SupportPageComponents::renderContentsIntoLayout('<div wire:snaps...', Object(Livewire\\Features\\SupportPageComponents\\PageComponentConfig))
#23 /Users/meshach/Code/Catalyst-Internal/Catalyst IQ Website/apps/backend/vendor/laravel/framework/src/Illuminate/Routing/ControllerDispatcher.php(47): Livewire\\Component->__invoke()
#24 /Users/meshach/Code/Catalyst-Internal/Catalyst IQ Website/apps/backend/vendor/laravel/framework/src/Illuminate/Routing/Route.php(266): Illuminate\\Routing\\ControllerDispatcher->dispatch(Object(Illuminate\\Routing\\Route), Object(App\\Livewire\\OrgOverview), '__invoke')
#25 /Users/meshach/Code/Catalyst-Internal/Catalyst IQ Website/apps/backend/vendor/laravel/framework/src/Illuminate/Routing/Route.php(212): Illuminate\\Routing\\Route->runController()
#26 /Users/meshach/Code/Catalyst-Internal/Catalyst IQ Website/apps/backend/vendor/laravel/framework/src/Illuminate/Routing/Router.php(808): Illuminate\\Routing\\Route->run()
#27 /Users/meshach/Code/Catalyst-Internal/Catalyst IQ Website/apps/backend/vendor/laravel/framework/src/Illuminate/Pipeline/Pipeline.php(170): Illuminate\\Routing\\Router->{closure:Illuminate\\Routing\\Router::runRouteWithinStack():807}(Object(Illuminate\\Http\\Request))
#28 /Users/meshach/Code/Catalyst-Internal/Catalyst IQ Website/apps/backend/app/Http/Middleware/BasicAuth.php(17): Illuminate\\Pipeline\\Pipeline->{closure:Illuminate\\Pipeline\\Pipeline::prepareDestination():168}(Object(Illuminate\\Http\\Request))
#29 /Users/meshach/Code/Catalyst-Internal/Catalyst IQ Website/apps/backend/vendor/laravel/framework/src/Illuminate/Pipeline/Pipeline.php(209): App\\Http\\Middleware\\BasicAuth->handle(Object(Illuminate\\Http\\Request), Object(Closure))
#30 /Users/meshach/Code/Catalyst-Internal/Catalyst IQ Website/apps/backend/vendor/laravel/framework/src/Illuminate/Routing/Middleware/SubstituteBindings.php(51): Illuminate\\Pipeline\\Pipeline->{closure:{closure:Illuminate\\Pipeline\\Pipeline::carry():184}:185}(Object(Illuminate\\Http\\Request))
#31 /Users/meshach/Code/Catalyst-Internal/Catalyst IQ Website/apps/backend/vendor/laravel/framework/src/Illuminate/Pipeline/Pipeline.php(209): Illuminate\\Routing\\Middleware\\SubstituteBindings->handle(Object(Illuminate\\Http\\Request), Object(Closure))
#32 /Users/meshach/Code/Catalyst-Internal/Catalyst IQ Website/apps/backend/vendor/laravel/framework/src/Illuminate/Foundation/Http/Middleware/VerifyCsrfToken.php(88): Illuminate\\Pipeline\\Pipeline->{closure:{closure:Illuminate\\Pipeline\\Pipeline::carry():184}:185}(Object(Illuminate\\Http\\Request))
#33 /Users/meshach/Code/Catalyst-Internal/Catalyst IQ Website/apps/backend/vendor/laravel/framework/src/Illuminate/Pipeline/Pipeline.php(209): Illuminate\\Foundation\\Http\\Middleware\\VerifyCsrfToken->handle(Object(Illuminate\\Http\\Request), Object(Closure))
#34 /Users/meshach/Code/Catalyst-Internal/Catalyst IQ Website/apps/backend/vendor/laravel/framework/src/Illuminate/View/Middleware/ShareErrorsFromSession.php(49): Illuminate\\Pipeline\\Pipeline->{closure:{closure:Illuminate\\Pipeline\\Pipeline::carry():184}:185}(Object(Illuminate\\Http\\Request))
#35 /Users/meshach/Code/Catalyst-Internal/Catalyst IQ Website/apps/backend/vendor/laravel/framework/src/Illuminate/Pipeline/Pipeline.php(209): Illuminate\\View\\Middleware\\ShareErrorsFromSession->handle(Object(Illuminate\\Http\\Request), Object(Closure))
#36 /Users/meshach/Code/Catalyst-Internal/Catalyst IQ Website/apps/backend/vendor/laravel/framework/src/Illuminate/Session/Middleware/StartSession.php(121): Illuminate\\Pipeline\\Pipeline->{closure:{closure:Illuminate\\Pipeline\\Pipeline::carry():184}:185}(Object(Illuminate\\Http\\Request))
#37 /Users/meshach/Code/Catalyst-Internal/Catalyst IQ Website/apps/backend/vendor/laravel/framework/src/Illuminate/Session/Middleware/StartSession.php(64): Illuminate\\Session\\Middleware\\StartSession->handleStatefulRequest(Object(Illuminate\\Http\\Request), Object(Illuminate\\Session\\Store), Object(Closure))
#38 /Users/meshach/Code/Catalyst-Internal/Catalyst IQ Website/apps/backend/vendor/laravel/framework/src/Illuminate/Pipeline/Pipeline.php(209): Illuminate\\Session\\Middleware\\StartSession->handle(Object(Illuminate\\Http\\Request), Object(Closure))
#39 /Users/meshach/Code/Catalyst-Internal/Catalyst IQ Website/apps/backend/vendor/laravel/framework/src/Illuminate/Cookie/Middleware/AddQueuedCookiesToResponse.php(37): Illuminate\\Pipeline\\Pipeline->{closure:{closure:Illuminate\\Pipeline\\Pipeline::carry():184}:185}(Object(Illuminate\\Http\\Request))
#40 /Users/meshach/Code/Catalyst-Internal/Catalyst IQ Website/apps/backend/vendor/laravel/framework/src/Illuminate/Pipeline/Pipeline.php(209): Illuminate\\Cookie\\Middleware\\AddQueuedCookiesToResponse->handle(Object(Illuminate\\Http\\Request), Object(Closure))
#41 /Users/meshach/Code/Catalyst-Internal/Catalyst IQ Website/apps/backend/vendor/laravel/framework/src/Illuminate/Cookie/Middleware/EncryptCookies.php(75): Illuminate\\Pipeline\\Pipeline->{closure:{closure:Illuminate\\Pipeline\\Pipeline::carry():184}:185}(Object(Illuminate\\Http\\Request))
#42 /Users/meshach/Code/Catalyst-Internal/Catalyst IQ Website/apps/backend/vendor/laravel/framework/src/Illuminate/Pipeline/Pipeline.php(209): Illuminate\\Cookie\\Middleware\\EncryptCookies->handle(Object(Illuminate\\Http\\Request), Object(Closure))
#43 /Users/meshach/Code/Catalyst-Internal/Catalyst IQ Website/apps/backend/vendor/laravel/framework/src/Illuminate/Pipeline/Pipeline.php(127): Illuminate\\Pipeline\\Pipeline->{closure:{closure:Illuminate\\Pipeline\\Pipeline::carry():184}:185}(Object(Illuminate\\Http\\Request))
#44 /Users/meshach/Code/Catalyst-Internal/Catalyst IQ Website/apps/backend/vendor/laravel/framework/src/Illuminate/Routing/Router.php(807): Illuminate\\Pipeline\\Pipeline->then(Object(Closure))
#45 /Users/meshach/Code/Catalyst-Internal/Catalyst IQ Website/apps/backend/vendor/laravel/framework/src/Illuminate/Routing/Router.php(786): Illuminate\\Routing\\Router->runRouteWithinStack(Object(Illuminate\\Routing\\Route), Object(Illuminate\\Http\\Request))
#46 /Users/meshach/Code/Catalyst-Internal/Catalyst IQ Website/apps/backend/vendor/laravel/framework/src/Illuminate/Routing/Router.php(750): Illuminate\\Routing\\Router->runRoute(Object(Illuminate\\Http\\Request), Object(Illuminate\\Routing\\Route))
#47 /Users/meshach/Code/Catalyst-Internal/Catalyst IQ Website/apps/backend/vendor/laravel/framework/src/Illuminate/Routing/Router.php(739): Illuminate\\Routing\\Router->dispatchToRoute(Object(Illuminate\\Http\\Request))
#48 /Users/meshach/Code/Catalyst-Internal/Catalyst IQ Website/apps/backend/vendor/laravel/framework/src/Illuminate/Foundation/Http/Kernel.php(201): Illuminate\\Routing\\Router->dispatch(Object(Illuminate\\Http\\Request))
#49 /Users/meshach/Code/Catalyst-Internal/Catalyst IQ Website/apps/backend/vendor/laravel/framework/src/Illuminate/Pipeline/Pipeline.php(170): Illuminate\\Foundation\\Http\\Kernel->{closure:Illuminate\\Foundation\\Http\\Kernel::dispatchToRouter():198}(Object(Illuminate\\Http\\Request))
#50 /Users/meshach/Code/Catalyst-Internal/Catalyst IQ Website/apps/backend/vendor/livewire/livewire/src/Features/SupportDisablingBackButtonCache/DisableBackButtonCacheMiddleware.php(19): Illuminate\\Pipeline\\Pipeline->{closure:Illuminate\\Pipeline\\Pipeline::prepareDestination():168}(Object(Illuminate\\Http\\Request))
#51 /Users/meshach/Code/Catalyst-Internal/Catalyst IQ Website/apps/backend/vendor/laravel/framework/src/Illuminate/Pipeline/Pipeline.php(209): Livewire\\Features\\SupportDisablingBackButtonCache\\DisableBackButtonCacheMiddleware->handle(Object(Illuminate\\Http\\Request), Object(Closure))
#52 /Users/meshach/Code/Catalyst-Internal/Catalyst IQ Website/apps/backend/vendor/laravel/framework/src/Illuminate/Foundation/Http/Middleware/TransformsRequest.php(21): Illuminate\\Pipeline\\Pipeline->{closure:{closure:Illuminate\\Pipeline\\Pipeline::carry():184}:185}(Object(Illuminate\\Http\\Request))
#53 /Users/meshach/Code/Catalyst-Internal/Catalyst IQ Website/apps/backend/vendor/laravel/framework/src/Illuminate/Foundation/Http/Middleware/ConvertEmptyStringsToNull.php(31): Illuminate\\Foundation\\Http\\Middleware\\TransformsRequest->handle(Object(Illuminate\\Http\\Request), Object(Closure))
#54 /Users/meshach/Code/Catalyst-Internal/Catalyst IQ Website/apps/backend/vendor/laravel/framework/src/Illuminate/Pipeline/Pipeline.php(209): Illuminate\\Foundation\\Http\\Middleware\\ConvertEmptyStringsToNull->handle(Object(Illuminate\\Http\\Request), Object(Closure))
#55 /Users/meshach/Code/Catalyst-Internal/Catalyst IQ Website/apps/backend/vendor/laravel/framework/src/Illuminate/Foundation/Http/Middleware/TransformsRequest.php(21): Illuminate\\Pipeline\\Pipeline->{closure:{closure:Illuminate\\Pipeline\\Pipeline::carry():184}:185}(Object(Illuminate\\Http\\Request))
#56 /Users/meshach/Code/Catalyst-Internal/Catalyst IQ Website/apps/backend/vendor/laravel/framework/src/Illuminate/Foundation/Http/Middleware/TrimStrings.php(51): Illuminate\\Foundation\\Http\\Middleware\\TransformsRequest->handle(Object(Illuminate\\Http\\Request), Object(Closure))
#57 /Users/meshach/Code/Catalyst-Internal/Catalyst IQ Website/apps/backend/vendor/laravel/framework/src/Illuminate/Pipeline/Pipeline.php(209): Illuminate\\Foundation\\Http\\Middleware\\TrimStrings->handle(Object(Illuminate\\Http\\Request), Object(Closure))
#58 /Users/meshach/Code/Catalyst-Internal/Catalyst IQ Website/apps/backend/vendor/laravel/framework/src/Illuminate/Http/Middleware/ValidatePostSize.php(27): Illuminate\\Pipeline\\Pipeline->{closure:{closure:Illuminate\\Pipeline\\Pipeline::carry():184}:185}(Object(Illuminate\\Http\\Request))
#59 /Users/meshach/Code/Catalyst-Internal/Catalyst IQ Website/apps/backend/vendor/laravel/framework/src/Illuminate/Pipeline/Pipeline.php(209): Illuminate\\Http\\Middleware\\ValidatePostSize->handle(Object(Illuminate\\Http\\Request), Object(Closure))
#60 /Users/meshach/Code/Catalyst-Internal/Catalyst IQ Website/apps/backend/vendor/laravel/framework/src/Illuminate/Foundation/Http/Middleware/PreventRequestsDuringMaintenance.php(110): Illuminate\\Pipeline\\Pipeline->{closure:{closure:Illuminate\\Pipeline\\Pipeline::carry():184}:185}(Object(Illuminate\\Http\\Request))
#61 /Users/meshach/Code/Catalyst-Internal/Catalyst IQ Website/apps/backend/vendor/laravel/framework/src/Illuminate/Pipeline/Pipeline.php(209): Illuminate\\Foundation\\Http\\Middleware\\PreventRequestsDuringMaintenance->handle(Object(Illuminate\\Http\\Request), Object(Closure))
#62 /Users/meshach/Code/Catalyst-Internal/Catalyst IQ Website/apps/backend/vendor/laravel/framework/src/Illuminate/Http/Middleware/HandleCors.php(49): Illuminate\\Pipeline\\Pipeline->{closure:{closure:Illuminate\\Pipeline\\Pipeline::carry():184}:185}(Object(Illuminate\\Http\\Request))
#63 /Users/meshach/Code/Catalyst-Internal/Catalyst IQ Website/apps/backend/vendor/laravel/framework/src/Illuminate/Pipeline/Pipeline.php(209): Illuminate\\Http\\Middleware\\HandleCors->handle(Object(Illuminate\\Http\\Request), Object(Closure))
#64 /Users/meshach/Code/Catalyst-Internal/Catalyst IQ Website/apps/backend/vendor/laravel/framework/src/Illuminate/Http/Middleware/TrustProxies.php(58): Illuminate\\Pipeline\\Pipeline->{closure:{closure:Illuminate\\Pipeline\\Pipeline::carry():184}:185}(Object(Illuminate\\Http\\Request))
#65 /Users/meshach/Code/Catalyst-Internal/Catalyst IQ Website/apps/backend/vendor/laravel/framework/src/Illuminate/Pipeline/Pipeline.php(209): Illuminate\\Http\\Middleware\\TrustProxies->handle(Object(Illuminate\\Http\\Request), Object(Closure))
#66 /Users/meshach/Code/Catalyst-Internal/Catalyst IQ Website/apps/backend/vendor/laravel/framework/src/Illuminate/Foundation/Http/Middleware/InvokeDeferredCallbacks.php(22): Illuminate\\Pipeline\\Pipeline->{closure:{closure:Illuminate\\Pipeline\\Pipeline::carry():184}:185}(Object(Illuminate\\Http\\Request))
#67 /Users/meshach/Code/Catalyst-Internal/Catalyst IQ Website/apps/backend/vendor/laravel/framework/src/Illuminate/Pipeline/Pipeline.php(209): Illuminate\\Foundation\\Http\\Middleware\\InvokeDeferredCallbacks->handle(Object(Illuminate\\Http\\Request), Object(Closure))
#68 /Users/meshach/Code/Catalyst-Internal/Catalyst IQ Website/apps/backend/vendor/laravel/framework/src/Illuminate/Pipeline/Pipeline.php(127): Illuminate\\Pipeline\\Pipeline->{closure:{closure:Illuminate\\Pipeline\\Pipeline::carry():184}:185}(Object(Illuminate\\Http\\Request))
#69 /Users/meshach/Code/Catalyst-Internal/Catalyst IQ Website/apps/backend/vendor/laravel/framework/src/Illuminate/Foundation/Http/Kernel.php(176): Illuminate\\Pipeline\\Pipeline->then(Object(Closure))
#70 /Users/meshach/Code/Catalyst-Internal/Catalyst IQ Website/apps/backend/vendor/laravel/framework/src/Illuminate/Foundation/Http/Kernel.php(145): Illuminate\\Foundation\\Http\\Kernel->sendRequestThroughRouter(Object(Illuminate\\Http\\Request))
#71 /Users/meshach/Code/Catalyst-Internal/Catalyst IQ Website/apps/backend/vendor/laravel/framework/src/Illuminate/Foundation/Application.php(1220): Illuminate\\Foundation\\Http\\Kernel->handle(Object(Illuminate\\Http\\Request))
#72 /Users/meshach/Code/Catalyst-Internal/Catalyst IQ Website/apps/backend/public/index.php(20): Illuminate\\Foundation\\Application->handleRequest(Object(Illuminate\\Http\\Request))
#73 /Users/meshach/Code/Catalyst-Internal/Catalyst IQ Website/apps/backend/vendor/laravel/framework/src/Illuminate/Foundation/resources/server.php(23): require_once('/Users/meshach/...')
#74 {main}

[previous exception] [object] (Illuminate\\Foundation\\ViteManifestNotFoundException(code: 0): Vite manifest not found at: /Users/meshach/Code/Catalyst-Internal/Catalyst IQ Website/apps/backend/public/build/manifest.json at /Users/meshach/Code/Catalyst-Internal/Catalyst IQ Website/apps/backend/vendor/laravel/framework/src/Illuminate/Foundation/Vite.php:934)
[stacktrace]
#0 /Users/meshach/Code/Catalyst-Internal/Catalyst IQ Website/apps/backend/vendor/laravel/framework/src/Illuminate/Foundation/Vite.php(384): Illuminate\\Foundation\\Vite->manifest('build')
#1 /Users/meshach/Code/Catalyst-Internal/Catalyst IQ Website/apps/backend/storage/framework/views/5fc82ff201613fbf242b4e907f0b43bb.php(15): Illuminate\\Foundation\\Vite->__invoke(Object(Illuminate\\Support\\Collection))
#2 /Users/meshach/Code/Catalyst-Internal/Catalyst IQ Website/apps/backend/vendor/laravel/framework/src/Illuminate/Filesystem/Filesystem.php(123): require('/Users/meshach/...')
#3 /Users/meshach/Code/Catalyst-Internal/Catalyst IQ Website/apps/backend/vendor/laravel/framework/src/Illuminate/Filesystem/Filesystem.php(124): Illuminate\\Filesystem\\Filesystem::{closure:Illuminate\\Filesystem\\Filesystem::getRequire():120}()
#4 /Users/meshach/Code/Catalyst-Internal/Catalyst IQ Website/apps/backend/vendor/laravel/framework/src/Illuminate/View/Engines/PhpEngine.php(58): Illuminate\\Filesystem\\Filesystem->getRequire('/Users/meshach/...', Array)
#5 /Users/meshach/Code/Catalyst-Internal/Catalyst IQ Website/apps/backend/vendor/livewire/livewire/src/Mechanisms/ExtendBlade/ExtendedCompilerEngine.php(22): Illuminate\\View\\Engines\\PhpEngine->evaluatePath('/Users/meshach/...', Array)
#6 /Users/meshach/Code/Catalyst-Internal/Catalyst IQ Website/apps/backend/vendor/laravel/framework/src/Illuminate/View/Engines/CompilerEngine.php(75): Livewire\\Mechanisms\\ExtendBlade\\ExtendedCompilerEngine->evaluatePath('/Users/meshach/...', Array)
#7 /Users/meshach/Code/Catalyst-Internal/Catalyst IQ Website/apps/backend/vendor/livewire/livewire/src/Mechanisms/ExtendBlade/ExtendedCompilerEngine.php(10): Illuminate\\View\\Engines\\CompilerEngine->get('/Users/meshach/...', Array)
#8 /Users/meshach/Code/Catalyst-Internal/Catalyst IQ Website/apps/backend/vendor/laravel/framework/src/Illuminate/View/View.php(209): Livewire\\Mechanisms\\ExtendBlade\\ExtendedCompilerEngine->get('/Users/meshach/...', Array)
#9 /Users/meshach/Code/Catalyst-Internal/Catalyst IQ Website/apps/backend/vendor/laravel/framework/src/Illuminate/View/View.php(192): Illuminate\\View\\View->getContents()
#10 /Users/meshach/Code/Catalyst-Internal/Catalyst IQ Website/apps/backend/vendor/laravel/framework/src/Illuminate/View/View.php(161): Illuminate\\View\\View->renderContents()
#11 /Users/meshach/Code/Catalyst-Internal/Catalyst IQ Website/apps/backend/vendor/laravel/framework/src/Illuminate/View/Concerns/ManagesComponents.php(103): Illuminate\\View\\View->render()
#12 /Users/meshach/Code/Catalyst-Internal/Catalyst IQ Website/apps/backend/storage/framework/views/f87138645dc250e92d65d2be3fffa4c0.php(17): Illuminate\\View\\Factory->renderComponent()
#13 /Users/meshach/Code/Catalyst-Internal/Catalyst IQ Website/apps/backend/vendor/laravel/framework/src/Illuminate/Filesystem/Filesystem.php(123): require('/Users/meshach/...')
#14 /Users/meshach/Code/Catalyst-Internal/Catalyst IQ Website/apps/backend/vendor/laravel/framework/src/Illuminate/Filesystem/Filesystem.php(124): Illuminate\\Filesystem\\Filesystem::{closure:Illuminate\\Filesystem\\Filesystem::getRequire():120}()
#15 /Users/meshach/Code/Catalyst-Internal/Catalyst IQ Website/apps/backend/vendor/laravel/framework/src/Illuminate/View/Engines/PhpEngine.php(58): Illuminate\\Filesystem\\Filesystem->getRequire('/Users/meshach/...', Array)
#16 /Users/meshach/Code/Catalyst-Internal/Catalyst IQ Website/apps/backend/vendor/livewire/livewire/src/Mechanisms/ExtendBlade/ExtendedCompilerEngine.php(22): Illuminate\\View\\Engines\\PhpEngine->evaluatePath('/Users/meshach/...', Array)
#17 /Users/meshach/Code/Catalyst-Internal/Catalyst IQ Website/apps/backend/vendor/laravel/framework/src/Illuminate/View/Engines/CompilerEngine.php(75): Livewire\\Mechanisms\\ExtendBlade\\ExtendedCompilerEngine->evaluatePath('/Users/meshach/...', Array)
#18 /Users/meshach/Code/Catalyst-Internal/Catalyst IQ Website/apps/backend/vendor/livewire/livewire/src/Mechanisms/ExtendBlade/ExtendedCompilerEngine.php(10): Illuminate\\View\\Engines\\CompilerEngine->get('/Users/meshach/...', Array)
#19 /Users/meshach/Code/Catalyst-Internal/Catalyst IQ Website/apps/backend/vendor/laravel/framework/src/Illuminate/View/View.php(209): Livewire\\Mechanisms\\ExtendBlade\\ExtendedCompilerEngine->get('/Users/meshach/...', Array)
#20 /Users/meshach/Code/Catalyst-Internal/Catalyst IQ Website/apps/backend/vendor/laravel/framework/src/Illuminate/View/View.php(192): Illuminate\\View\\View->getContents()
#21 /Users/meshach/Code/Catalyst-Internal/Catalyst IQ Website/apps/backend/vendor/laravel/framework/src/Illuminate/View/View.php(161): Illuminate\\View\\View->renderContents()
#22 /Users/meshach/Code/Catalyst-Internal/Catalyst IQ Website/apps/backend/vendor/laravel/framework/src/Illuminate/View/Compilers/BladeCompiler.php(337): Illuminate\\View\\View->render()
#23 /Users/meshach/Code/Catalyst-Internal/Catalyst IQ Website/apps/backend/vendor/laravel/framework/src/Illuminate/Support/Facades/Facade.php(361): Illuminate\\View\\Compilers\\BladeCompiler::render('    <?php $layo...', Array)
#24 /Users/meshach/Code/Catalyst-Internal/Catalyst IQ Website/apps/backend/vendor/livewire/livewire/src/Features/SupportPageComponents/SupportPageComponents.php(153): Illuminate\\Support\\Facades\\Facade::__callStatic('render', Array)
#25 /Users/meshach/Code/Catalyst-Internal/Catalyst IQ Website/apps/backend/vendor/livewire/livewire/src/Features/SupportPageComponents/HandlesPageComponents.php(24): Livewire\\Features\\SupportPageComponents\\SupportPageComponents::renderContentsIntoLayout('<div wire:snaps...', Object(Livewire\\Features\\SupportPageComponents\\PageComponentConfig))
#26 /Users/meshach/Code/Catalyst-Internal/Catalyst IQ Website/apps/backend/vendor/laravel/framework/src/Illuminate/Routing/ControllerDispatcher.php(47): Livewire\\Component->__invoke()
#27 /Users/meshach/Code/Catalyst-Internal/Catalyst IQ Website/apps/backend/vendor/laravel/framework/src/Illuminate/Routing/Route.php(266): Illuminate\\Routing\\ControllerDispatcher->dispatch(Object(Illuminate\\Routing\\Route), Object(App\\Livewire\\OrgOverview), '__invoke')
#28 /Users/meshach/Code/Catalyst-Internal/Catalyst IQ Website/apps/backend/vendor/laravel/framework/src/Illuminate/Routing/Route.php(212): Illuminate\\Routing\\Route->runController()
#29 /Users/meshach/Code/Catalyst-Internal/Catalyst IQ Website/apps/backend/vendor/laravel/framework/src/Illuminate/Routing/Router.php(808): Illuminate\\Routing\\Route->run()
#30 /Users/meshach/Code/Catalyst-Internal/Catalyst IQ Website/apps/backend/vendor/laravel/framework/src/Illuminate/Pipeline/Pipeline.php(170): Illuminate\\Routing\\Router->{closure:Illuminate\\Routing\\Router::runRouteWithinStack():807}(Object(Illuminate\\Http\\Request))
#31 /Users/meshach/Code/Catalyst-Internal/Catalyst IQ Website/apps/backend/app/Http/Middleware/BasicAuth.php(17): Illuminate\\Pipeline\\Pipeline->{closure:Illuminate\\Pipeline\\Pipeline::prepareDestination():168}(Object(Illuminate\\Http\\Request))
#32 /Users/meshach/Code/Catalyst-Internal/Catalyst IQ Website/apps/backend/vendor/laravel/framework/src/Illuminate/Pipeline/Pipeline.php(209): App\\Http\\Middleware\\BasicAuth->handle(Object(Illuminate\\Http\\Request), Object(Closure))
#33 /Users/meshach/Code/Catalyst-Internal/Catalyst IQ Website/apps/backend/vendor/laravel/framework/src/Illuminate/Routing/Middleware/SubstituteBindings.php(51): Illuminate\\Pipeline\\Pipeline->{closure:{closure:Illuminate\\Pipeline\\Pipeline::carry():184}:185}(Object(Illuminate\\Http\\Request))
#34 /Users/meshach/Code/Catalyst-Internal/Catalyst IQ Website/apps/backend/vendor/laravel/framework/src/Illuminate/Pipeline/Pipeline.php(209): Illuminate\\Routing\\Middleware\\SubstituteBindings->handle(Object(Illuminate\\Http\\Request), Object(Closure))
#35 /Users/meshach/Code/Catalyst-Internal/Catalyst IQ Website/apps/backend/vendor/laravel/framework/src/Illuminate/Foundation/Http/Middleware/VerifyCsrfToken.php(88): Illuminate\\Pipeline\\Pipeline->{closure:{closure:Illuminate\\Pipeline\\Pipeline::carry():184}:185}(Object(Illuminate\\Http\\Request))
#36 /Users/meshach/Code/Catalyst-Internal/Catalyst IQ Website/apps/backend/vendor/laravel/framework/src/Illuminate/Pipeline/Pipeline.php(209): Illuminate\\Foundation\\Http\\Middleware\\VerifyCsrfToken->handle(Object(Illuminate\\Http\\Request), Object(Closure))
#37 /Users/meshach/Code/Catalyst-Internal/Catalyst IQ Website/apps/backend/vendor/laravel/framework/src/Illuminate/View/Middleware/ShareErrorsFromSession.php(49): Illuminate\\Pipeline\\Pipeline->{closure:{closure:Illuminate\\Pipeline\\Pipeline::carry():184}:185}(Object(Illuminate\\Http\\Request))
#38 /Users/meshach/Code/Catalyst-Internal/Catalyst IQ Website/apps/backend/vendor/laravel/framework/src/Illuminate/Pipeline/Pipeline.php(209): Illuminate\\View\\Middleware\\ShareErrorsFromSession->handle(Object(Illuminate\\Http\\Request), Object(Closure))
#39 /Users/meshach/Code/Catalyst-Internal/Catalyst IQ Website/apps/backend/vendor/laravel/framework/src/Illuminate/Session/Middleware/StartSession.php(121): Illuminate\\Pipeline\\Pipeline->{closure:{closure:Illuminate\\Pipeline\\Pipeline::carry():184}:185}(Object(Illuminate\\Http\\Request))
#40 /Users/meshach/Code/Catalyst-Internal/Catalyst IQ Website/apps/backend/vendor/laravel/framework/src/Illuminate/Session/Middleware/StartSession.php(64): Illuminate\\Session\\Middleware\\StartSession->handleStatefulRequest(Object(Illuminate\\Http\\Request), Object(Illuminate\\Session\\Store), Object(Closure))
#41 /Users/meshach/Code/Catalyst-Internal/Catalyst IQ Website/apps/backend/vendor/laravel/framework/src/Illuminate/Pipeline/Pipeline.php(209): Illuminate\\Session\\Middleware\\StartSession->handle(Object(Illuminate\\Http\\Request), Object(Closure))
#42 /Users/meshach/Code/Catalyst-Internal/Catalyst IQ Website/apps/backend/vendor/laravel/framework/src/Illuminate/Cookie/Middleware/AddQueuedCookiesToResponse.php(37): Illuminate\\Pipeline\\Pipeline->{closure:{closure:Illuminate\\Pipeline\\Pipeline::carry():184}:185}(Object(Illuminate\\Http\\Request))
#43 /Users/meshach/Code/Catalyst-Internal/Catalyst IQ Website/apps/backend/vendor/laravel/framework/src/Illuminate/Pipeline/Pipeline.php(209): Illuminate\\Cookie\\Middleware\\AddQueuedCookiesToResponse->handle(Object(Illuminate\\Http\\Request), Object(Closure))
#44 /Users/meshach/Code/Catalyst-Internal/Catalyst IQ Website/apps/backend/vendor/laravel/framework/src/Illuminate/Cookie/Middleware/EncryptCookies.php(75): Illuminate\\Pipeline\\Pipeline->{closure:{closure:Illuminate\\Pipeline\\Pipeline::carry():184}:185}(Object(Illuminate\\Http\\Request))
#45 /Users/meshach/Code/Catalyst-Internal/Catalyst IQ Website/apps/backend/vendor/laravel/framework/src/Illuminate/Pipeline/Pipeline.php(209): Illuminate\\Cookie\\Middleware\\EncryptCookies->handle(Object(Illuminate\\Http\\Request), Object(Closure))
#46 /Users/meshach/Code/Catalyst-Internal/Catalyst IQ Website/apps/backend/vendor/laravel/framework/src/Illuminate/Pipeline/Pipeline.php(127): Illuminate\\Pipeline\\Pipeline->{closure:{closure:Illuminate\\Pipeline\\Pipeline::carry():184}:185}(Object(Illuminate\\Http\\Request))
#47 /Users/meshach/Code/Catalyst-Internal/Catalyst IQ Website/apps/backend/vendor/laravel/framework/src/Illuminate/Routing/Router.php(807): Illuminate\\Pipeline\\Pipeline->then(Object(Closure))
#48 /Users/meshach/Code/Catalyst-Internal/Catalyst IQ Website/apps/backend/vendor/laravel/framework/src/Illuminate/Routing/Router.php(786): Illuminate\\Routing\\Router->runRouteWithinStack(Object(Illuminate\\Routing\\Route), Object(Illuminate\\Http\\Request))
#49 /Users/meshach/Code/Catalyst-Internal/Catalyst IQ Website/apps/backend/vendor/laravel/framework/src/Illuminate/Routing/Router.php(750): Illuminate\\Routing\\Router->runRoute(Object(Illuminate\\Http\\Request), Object(Illuminate\\Routing\\Route))
#50 /Users/meshach/Code/Catalyst-Internal/Catalyst IQ Website/apps/backend/vendor/laravel/framework/src/Illuminate/Routing/Router.php(739): Illuminate\\Routing\\Router->dispatchToRoute(Object(Illuminate\\Http\\Request))
#51 /Users/meshach/Code/Catalyst-Internal/Catalyst IQ Website/apps/backend/vendor/laravel/framework/src/Illuminate/Foundation/Http/Kernel.php(201): Illuminate\\Routing\\Router->dispatch(Object(Illuminate\\Http\\Request))
#52 /Users/meshach/Code/Catalyst-Internal/Catalyst IQ Website/apps/backend/vendor/laravel/framework/src/Illuminate/Pipeline/Pipeline.php(170): Illuminate\\Foundation\\Http\\Kernel->{closure:Illuminate\\Foundation\\Http\\Kernel::dispatchToRouter():198}(Object(Illuminate\\Http\\Request))
#53 /Users/meshach/Code/Catalyst-Internal/Catalyst IQ Website/apps/backend/vendor/livewire/livewire/src/Features/SupportDisablingBackButtonCache/DisableBackButtonCacheMiddleware.php(19): Illuminate\\Pipeline\\Pipeline->{closure:Illuminate\\Pipeline\\Pipeline::prepareDestination():168}(Object(Illuminate\\Http\\Request))
#54 /Users/meshach/Code/Catalyst-Internal/Catalyst IQ Website/apps/backend/vendor/laravel/framework/src/Illuminate/Pipeline/Pipeline.php(209): Livewire\\Features\\SupportDisablingBackButtonCache\\DisableBackButtonCacheMiddleware->handle(Object(Illuminate\\Http\\Request), Object(Closure))
#55 /Users/meshach/Code/Catalyst-Internal/Catalyst IQ Website/apps/backend/vendor/laravel/framework/src/Illuminate/Foundation/Http/Middleware/TransformsRequest.php(21): Illuminate\\Pipeline\\Pipeline->{closure:{closure:Illuminate\\Pipeline\\Pipeline::carry():184}:185}(Object(Illuminate\\Http\\Request))
#56 /Users/meshach/Code/Catalyst-Internal/Catalyst IQ Website/apps/backend/vendor/laravel/framework/src/Illuminate/Foundation/Http/Middleware/ConvertEmptyStringsToNull.php(31): Illuminate\\Foundation\\Http\\Middleware\\TransformsRequest->handle(Object(Illuminate\\Http\\Request), Object(Closure))
#57 /Users/meshach/Code/Catalyst-Internal/Catalyst IQ Website/apps/backend/vendor/laravel/framework/src/Illuminate/Pipeline/Pipeline.php(209): Illuminate\\Foundation\\Http\\Middleware\\ConvertEmptyStringsToNull->handle(Object(Illuminate\\Http\\Request), Object(Closure))
#58 /Users/meshach/Code/Catalyst-Internal/Catalyst IQ Website/apps/backend/vendor/laravel/framework/src/Illuminate/Foundation/Http/Middleware/TransformsRequest.php(21): Illuminate\\Pipeline\\Pipeline->{closure:{closure:Illuminate\\Pipeline\\Pipeline::carry():184}:185}(Object(Illuminate\\Http\\Request))
#59 /Users/meshach/Code/Catalyst-Internal/Catalyst IQ Website/apps/backend/vendor/laravel/framework/src/Illuminate/Foundation/Http/Middleware/TrimStrings.php(51): Illuminate\\Foundation\\Http\\Middleware\\TransformsRequest->handle(Object(Illuminate\\Http\\Request), Object(Closure))
#60 /Users/meshach/Code/Catalyst-Internal/Catalyst IQ Website/apps/backend/vendor/laravel/framework/src/Illuminate/Pipeline/Pipeline.php(209): Illuminate\\Foundation\\Http\\Middleware\\TrimStrings->handle(Object(Illuminate\\Http\\Request), Object(Closure))
#61 /Users/meshach/Code/Catalyst-Internal/Catalyst IQ Website/apps/backend/vendor/laravel/framework/src/Illuminate/Http/Middleware/ValidatePostSize.php(27): Illuminate\\Pipeline\\Pipeline->{closure:{closure:Illuminate\\Pipeline\\Pipeline::carry():184}:185}(Object(Illuminate\\Http\\Request))
#62 /Users/meshach/Code/Catalyst-Internal/Catalyst IQ Website/apps/backend/vendor/laravel/framework/src/Illuminate/Pipeline/Pipeline.php(209): Illuminate\\Http\\Middleware\\ValidatePostSize->handle(Object(Illuminate\\Http\\Request), Object(Closure))
#63 /Users/meshach/Code/Catalyst-Internal/Catalyst IQ Website/apps/backend/vendor/laravel/framework/src/Illuminate/Foundation/Http/Middleware/PreventRequestsDuringMaintenance.php(110): Illuminate\\Pipeline\\Pipeline->{closure:{closure:Illuminate\\Pipeline\\Pipeline::carry():184}:185}(Object(Illuminate\\Http\\Request))
#64 /Users/meshach/Code/Catalyst-Internal/Catalyst IQ Website/apps/backend/vendor/laravel/framework/src/Illuminate/Pipeline/Pipeline.php(209): Illuminate\\Foundation\\Http\\Middleware\\PreventRequestsDuringMaintenance->handle(Object(Illuminate\\Http\\Request), Object(Closure))
#65 /Users/meshach/Code/Catalyst-Internal/Catalyst IQ Website/apps/backend/vendor/laravel/framework/src/Illuminate/Http/Middleware/HandleCors.php(49): Illuminate\\Pipeline\\Pipeline->{closure:{closure:Illuminate\\Pipeline\\Pipeline::carry():184}:185}(Object(Illuminate\\Http\\Request))
#66 /Users/meshach/Code/Catalyst-Internal/Catalyst IQ Website/apps/backend/vendor/laravel/framework/src/Illuminate/Pipeline/Pipeline.php(209): Illuminate\\Http\\Middleware\\HandleCors->handle(Object(Illuminate\\Http\\Request), Object(Closure))
#67 /Users/meshach/Code/Catalyst-Internal/Catalyst IQ Website/apps/backend/vendor/laravel/framework/src/Illuminate/Http/Middleware/TrustProxies.php(58): Illuminate\\Pipeline\\Pipeline->{closure:{closure:Illuminate\\Pipeline\\Pipeline::carry():184}:185}(Object(Illuminate\\Http\\Request))
#68 /Users/meshach/Code/Catalyst-Internal/Catalyst IQ Website/apps/backend/vendor/laravel/framework/src/Illuminate/Pipeline/Pipeline.php(209): Illuminate\\Http\\Middleware\\TrustProxies->handle(Object(Illuminate\\Http\\Request), Object(Closure))
#69 /Users/meshach/Code/Catalyst-Internal/Catalyst IQ Website/apps/backend/vendor/laravel/framework/src/Illuminate/Foundation/Http/Middleware/InvokeDeferredCallbacks.php(22): Illuminate\\Pipeline\\Pipeline->{closure:{closure:Illuminate\\Pipeline\\Pipeline::carry():184}:185}(Object(Illuminate\\Http\\Request))
#70 /Users/meshach/Code/Catalyst-Internal/Catalyst IQ Website/apps/backend/vendor/laravel/framework/src/Illuminate/Pipeline/Pipeline.php(209): Illuminate\\Foundation\\Http\\Middleware\\InvokeDeferredCallbacks->handle(Object(Illuminate\\Http\\Request), Object(Closure))
#71 /Users/meshach/Code/Catalyst-Internal/Catalyst IQ Website/apps/backend/vendor/laravel/framework/src/Illuminate/Pipeline/Pipeline.php(127): Illuminate\\Pipeline\\Pipeline->{closure:{closure:Illuminate\\Pipeline\\Pipeline::carry():184}:185}(Object(Illuminate\\Http\\Request))
#72 /Users/meshach/Code/Catalyst-Internal/Catalyst IQ Website/apps/backend/vendor/laravel/framework/src/Illuminate/Foundation/Http/Kernel.php(176): Illuminate\\Pipeline\\Pipeline->then(Object(Closure))
#73 /Users/meshach/Code/Catalyst-Internal/Catalyst IQ Website/apps/backend/vendor/laravel/framework/src/Illuminate/Foundation/Http/Kernel.php(145): Illuminate\\Foundation\\Http\\Kernel->sendRequestThroughRouter(Object(Illuminate\\Http\\Request))
#74 /Users/meshach/Code/Catalyst-Internal/Catalyst IQ Website/apps/backend/vendor/laravel/framework/src/Illuminate/Foundation/Application.php(1220): Illuminate\\Foundation\\Http\\Kernel->handle(Object(Illuminate\\Http\\Request))
#75 /Users/meshach/Code/Catalyst-Internal/Catalyst IQ Website/apps/backend/public/index.php(20): Illuminate\\Foundation\\Application->handleRequest(Object(Illuminate\\Http\\Request))
#76 /Users/meshach/Code/Catalyst-Internal/Catalyst IQ Website/apps/backend/vendor/laravel/framework/src/Illuminate/Foundation/resources/server.php(23): require_once('/Users/meshach/...')
#77 {main}
"} 
[2026-05-16 13:33:34] local.ERROR: The "--columns" option does not exist. {"exception":"[object] (Symfony\\Component\\Console\\Exception\\RuntimeException(code: 0): The \"--columns\" option does not exist. at /Users/meshach/Code/Catalyst-Internal/Catalyst IQ Website/apps/backend/vendor/symfony/console/Input/ArgvInput.php:226)
[stacktrace]
#0 /Users/meshach/Code/Catalyst-Internal/Catalyst IQ Website/apps/backend/vendor/symfony/console/Input/ArgvInput.php(153): Symfony\\Component\\Console\\Input\\ArgvInput->addLongOption('columns', 'method,uri,name')
#1 /Users/meshach/Code/Catalyst-Internal/Catalyst IQ Website/apps/backend/vendor/symfony/console/Input/ArgvInput.php(88): Symfony\\Component\\Console\\Input\\ArgvInput->parseLongOption('--columns=metho...')
#2 /Users/meshach/Code/Catalyst-Internal/Catalyst IQ Website/apps/backend/vendor/symfony/console/Input/ArgvInput.php(77): Symfony\\Component\\Console\\Input\\ArgvInput->parseToken('--columns=metho...', true)
#3 /Users/meshach/Code/Catalyst-Internal/Catalyst IQ Website/apps/backend/vendor/symfony/console/Input/Input.php(53): Symfony\\Component\\Console\\Input\\ArgvInput->parse()
#4 /Users/meshach/Code/Catalyst-Internal/Catalyst IQ Website/apps/backend/vendor/symfony/console/Command/Command.php(295): Symfony\\Component\\Console\\Input\\Input->bind(Object(Symfony\\Component\\Console\\Input\\InputDefinition))
#5 /Users/meshach/Code/Catalyst-Internal/Catalyst IQ Website/apps/backend/vendor/laravel/framework/src/Illuminate/Console/Command.php(182): Symfony\\Component\\Console\\Command\\Command->run(Object(Symfony\\Component\\Console\\Input\\ArgvInput), Object(Illuminate\\Console\\OutputStyle))
#6 /Users/meshach/Code/Catalyst-Internal/Catalyst IQ Website/apps/backend/vendor/symfony/console/Application.php(1117): Illuminate\\Console\\Command->run(Object(Symfony\\Component\\Console\\Input\\ArgvInput), Object(Symfony\\Component\\Console\\Output\\ConsoleOutput))
#7 /Users/meshach/Code/Catalyst-Internal/Catalyst IQ Website/apps/backend/vendor/symfony/console/Application.php(356): Symfony\\Component\\Console\\Application->doRunCommand(Object(Illuminate\\Foundation\\Console\\RouteListCommand), Object(Symfony\\Component\\Console\\Input\\ArgvInput), Object(Symfony\\Component\\Console\\Output\\ConsoleOutput))
#8 /Users/meshach/Code/Catalyst-Internal/Catalyst IQ Website/apps/backend/vendor/symfony/console/Application.php(195): Symfony\\Component\\Console\\Application->doRun(Object(Symfony\\Component\\Console\\Input\\ArgvInput), Object(Symfony\\Component\\Console\\Output\\ConsoleOutput))
#9 /Users/meshach/Code/Catalyst-Internal/Catalyst IQ Website/apps/backend/vendor/laravel/framework/src/Illuminate/Foundation/Console/Kernel.php(198): Symfony\\Component\\Console\\Application->run(Object(Symfony\\Component\\Console\\Input\\ArgvInput), Object(Symfony\\Component\\Console\\Output\\ConsoleOutput))
#10 /Users/meshach/Code/Catalyst-Internal/Catalyst IQ Website/apps/backend/vendor/laravel/framework/src/Illuminate/Foundation/Application.php(1235): Illuminate\\Foundation\\Console\\Kernel->handle(Object(Symfony\\Component\\Console\\Input\\ArgvInput), Object(Symfony\\Component\\Console\\Output\\ConsoleOutput))
#11 /Users/meshach/Code/Catalyst-Internal/Catalyst IQ Website/apps/backend/artisan(16): Illuminate\\Foundation\\Application->handleCommand(Object(Symfony\\Component\\Console\\Input\\ArgvInput))
#12 {main}
"} 
[2026-05-16 16:23:10] local.ERROR: No arguments expected for "serve" command, got "#". {"exception":"[object] (Symfony\\Component\\Console\\Exception\\RuntimeException(code: 0): No arguments expected for \"serve\" command, got \"#\". at /Users/meshach/Code/Catalyst-Internal/Catalyst IQ Website/apps/backend/vendor/symfony/console/Input/ArgvInput.php:199)
[stacktrace]
#0 /Users/meshach/Code/Catalyst-Internal/Catalyst IQ Website/apps/backend/vendor/symfony/console/Input/ArgvInput.php(92): Symfony\\Component\\Console\\Input\\ArgvInput->parseArgument('#')
#1 /Users/meshach/Code/Catalyst-Internal/Catalyst IQ Website/apps/backend/vendor/symfony/console/Input/ArgvInput.php(77): Symfony\\Component\\Console\\Input\\ArgvInput->parseToken('#', true)
#2 /Users/meshach/Code/Catalyst-Internal/Catalyst IQ Website/apps/backend/vendor/symfony/console/Input/Input.php(53): Symfony\\Component\\Console\\Input\\ArgvInput->parse()
#3 /Users/meshach/Code/Catalyst-Internal/Catalyst IQ Website/apps/backend/vendor/symfony/console/Command/Command.php(295): Symfony\\Component\\Console\\Input\\Input->bind(Object(Symfony\\Component\\Console\\Input\\InputDefinition))
#4 /Users/meshach/Code/Catalyst-Internal/Catalyst IQ Website/apps/backend/vendor/laravel/framework/src/Illuminate/Console/Command.php(182): Symfony\\Component\\Console\\Command\\Command->run(Object(Symfony\\Component\\Console\\Input\\ArgvInput), Object(Illuminate\\Console\\OutputStyle))
#5 /Users/meshach/Code/Catalyst-Internal/Catalyst IQ Website/apps/backend/vendor/symfony/console/Application.php(1117): Illuminate\\Console\\Command->run(Object(Symfony\\Component\\Console\\Input\\ArgvInput), Object(Symfony\\Component\\Console\\Output\\ConsoleOutput))
#6 /Users/meshach/Code/Catalyst-Internal/Catalyst IQ Website/apps/backend/vendor/symfony/console/Application.php(356): Symfony\\Component\\Console\\Application->doRunCommand(Object(Illuminate\\Foundation\\Console\\ServeCommand), Object(Symfony\\Component\\Console\\Input\\ArgvInput), Object(Symfony\\Component\\Console\\Output\\ConsoleOutput))
#7 /Users/meshach/Code/Catalyst-Internal/Catalyst IQ Website/apps/backend/vendor/symfony/console/Application.php(195): Symfony\\Component\\Console\\Application->doRun(Object(Symfony\\Component\\Console\\Input\\ArgvInput), Object(Symfony\\Component\\Console\\Output\\ConsoleOutput))
#8 /Users/meshach/Code/Catalyst-Internal/Catalyst IQ Website/apps/backend/vendor/laravel/framework/src/Illuminate/Foundation/Console/Kernel.php(198): Symfony\\Component\\Console\\Application->run(Object(Symfony\\Component\\Console\\Input\\ArgvInput), Object(Symfony\\Component\\Console\\Output\\ConsoleOutput))
#9 /Users/meshach/Code/Catalyst-Internal/Catalyst IQ Website/apps/backend/vendor/laravel/framework/src/Illuminate/Foundation/Application.php(1235): Illuminate\\Foundation\\Console\\Kernel->handle(Object(Symfony\\Component\\Console\\Input\\ArgvInput), Object(Symfony\\Component\\Console\\Output\\ConsoleOutput))
#10 /Users/meshach/Code/Catalyst-Internal/Catalyst IQ Website/apps/backend/artisan(16): Illuminate\\Foundation\\Application->handleCommand(Object(Symfony\\Component\\Console\\Input\\ArgvInput))
#11 {main}
"} 
[2026-05-16 16:38:35] local.ERROR: SQLSTATE[23000]: Integrity constraint violation: 19 UNIQUE constraint failed: users.email (Connection: sqlite, SQL: insert into "users" ("name", "email", "email_verified_at", "password", "remember_token", "updated_at", "created_at") values (Test User, test@example.com, 2026-05-16 16:38:35, $2y$12$z6wlpOrEKrvIMFOg3zsKM.F3OcnngMC12zmuyGUl/cObW3JM4zxnS, fcUpgNBV8k, 2026-05-16 16:38:35, 2026-05-16 16:38:35)) {"exception":"[object] (Illuminate\\Database\\UniqueConstraintViolationException(code: 23000): SQLSTATE[23000]: Integrity constraint violation: 19 UNIQUE constraint failed: users.email (Connection: sqlite, SQL: insert into \"users\" (\"name\", \"email\", \"email_verified_at\", \"password\", \"remember_token\", \"updated_at\", \"created_at\") values (Test User, test@example.com, 2026-05-16 16:38:35, $2y$12$z6wlpOrEKrvIMFOg3zsKM.F3OcnngMC12zmuyGUl/cObW3JM4zxnS, fcUpgNBV8k, 2026-05-16 16:38:35, 2026-05-16 16:38:35)) at /Users/meshach/Code/Catalyst-Internal/Catalyst IQ Website/apps/backend/vendor/laravel/framework/src/Illuminate/Database/Connection.php:820)
[stacktrace]
#0 /Users/meshach/Code/Catalyst-Internal/Catalyst IQ Website/apps/backend/vendor/laravel/framework/src/Illuminate/Database/Connection.php(779): Illuminate\\Database\\Connection->runQueryCallback('insert into \"us...', Array, Object(Closure))
#1 /Users/meshach/Code/Catalyst-Internal/Catalyst IQ Website/apps/backend/vendor/laravel/framework/src/Illuminate/Database/Connection.php(560): Illuminate\\Database\\Connection->run('insert into \"us...', Array, Object(Closure))
#2 /Users/meshach/Code/Catalyst-Internal/Catalyst IQ Website/apps/backend/vendor/laravel/framework/src/Illuminate/Database/Connection.php(524): Illuminate\\Database\\Connection->statement('insert into \"us...', Array)
#3 /Users/meshach/Code/Catalyst-Internal/Catalyst IQ Website/apps/backend/vendor/laravel/framework/src/Illuminate/Database/Query/Processors/Processor.php(32): Illuminate\\Database\\Connection->insert('insert into \"us...', Array)
#4 /Users/meshach/Code/Catalyst-Internal/Catalyst IQ Website/apps/backend/vendor/laravel/framework/src/Illuminate/Database/Query/Builder.php(3766): Illuminate\\Database\\Query\\Processors\\Processor->processInsertGetId(Object(Illuminate\\Database\\Query\\Builder), 'insert into \"us...', Array, 'id')
#5 /Users/meshach/Code/Catalyst-Internal/Catalyst IQ Website/apps/backend/vendor/laravel/framework/src/Illuminate/Database/Eloquent/Builder.php(2120): Illuminate\\Database\\Query\\Builder->insertGetId(Array, 'id')
#6 /Users/meshach/Code/Catalyst-Internal/Catalyst IQ Website/apps/backend/vendor/laravel/framework/src/Illuminate/Database/Eloquent/Model.php(1359): Illuminate\\Database\\Eloquent\\Builder->__call('insertGetId', Array)
#7 /Users/meshach/Code/Catalyst-Internal/Catalyst IQ Website/apps/backend/vendor/laravel/framework/src/Illuminate/Database/Eloquent/Model.php(1324): Illuminate\\Database\\Eloquent\\Model->insertAndSetId(Object(Illuminate\\Database\\Eloquent\\Builder), Array)
#8 /Users/meshach/Code/Catalyst-Internal/Catalyst IQ Website/apps/backend/vendor/laravel/framework/src/Illuminate/Database/Eloquent/Model.php(1163): Illuminate\\Database\\Eloquent\\Model->performInsert(Object(Illuminate\\Database\\Eloquent\\Builder))
#9 /Users/meshach/Code/Catalyst-Internal/Catalyst IQ Website/apps/backend/vendor/laravel/framework/src/Illuminate/Database/Eloquent/Factories/Factory.php(352): Illuminate\\Database\\Eloquent\\Model->save()
#10 /Users/meshach/Code/Catalyst-Internal/Catalyst IQ Website/apps/backend/vendor/laravel/framework/src/Illuminate/Collections/Traits/EnumeratesValues.php(261): Illuminate\\Database\\Eloquent\\Factories\\Factory->{closure:Illuminate\\Database\\Eloquent\\Factories\\Factory::store():347}(Object(App\\Models\\User), 0)
#11 /Users/meshach/Code/Catalyst-Internal/Catalyst IQ Website/apps/backend/vendor/laravel/framework/src/Illuminate/Database/Eloquent/Factories/Factory.php(347): Illuminate\\Support\\Collection->each(Object(Closure))
#12 /Users/meshach/Code/Catalyst-Internal/Catalyst IQ Website/apps/backend/vendor/laravel/framework/src/Illuminate/Database/Eloquent/Factories/Factory.php(303): Illuminate\\Database\\Eloquent\\Factories\\Factory->store(Object(Illuminate\\Support\\Collection))
#13 /Users/meshach/Code/Catalyst-Internal/Catalyst IQ Website/apps/backend/vendor/laravel/framework/src/Illuminate/Database/Eloquent/Factories/Factory.php(297): Illuminate\\Database\\Eloquent\\Factories\\Factory->create(Array, NULL)
#14 /Users/meshach/Code/Catalyst-Internal/Catalyst IQ Website/apps/backend/database/seeders/DatabaseSeeder.php(18): Illuminate\\Database\\Eloquent\\Factories\\Factory->create(Array)
#15 /Users/meshach/Code/Catalyst-Internal/Catalyst IQ Website/apps/backend/vendor/laravel/framework/src/Illuminate/Container/BoundMethod.php(36): Database\\Seeders\\DatabaseSeeder->run()
#16 /Users/meshach/Code/Catalyst-Internal/Catalyst IQ Website/apps/backend/vendor/laravel/framework/src/Illuminate/Container/Util.php(43): Illuminate\\Container\\BoundMethod::{closure:Illuminate\\Container\\BoundMethod::call():35}()
#17 /Users/meshach/Code/Catalyst-Internal/Catalyst IQ Website/apps/backend/vendor/laravel/framework/src/Illuminate/Container/BoundMethod.php(95): Illuminate\\Container\\Util::unwrapIfClosure(Object(Closure))
#18 /Users/meshach/Code/Catalyst-Internal/Catalyst IQ Website/apps/backend/vendor/laravel/framework/src/Illuminate/Container/BoundMethod.php(35): Illuminate\\Container\\BoundMethod::callBoundMethod(Object(Illuminate\\Foundation\\Application), Array, Object(Closure))
#19 /Users/meshach/Code/Catalyst-Internal/Catalyst IQ Website/apps/backend/vendor/laravel/framework/src/Illuminate/Container/Container.php(696): Illuminate\\Container\\BoundMethod::call(Object(Illuminate\\Foundation\\Application), Array, Array, NULL)
#20 /Users/meshach/Code/Catalyst-Internal/Catalyst IQ Website/apps/backend/vendor/laravel/framework/src/Illuminate/Database/Seeder.php(188): Illuminate\\Container\\Container->call(Array, Array)
#21 /Users/meshach/Code/Catalyst-Internal/Catalyst IQ Website/apps/backend/vendor/laravel/framework/src/Illuminate/Database/Seeder.php(197): Illuminate\\Database\\Seeder->{closure:Illuminate\\Database\\Seeder::__invoke():187}()
#22 /Users/meshach/Code/Catalyst-Internal/Catalyst IQ Website/apps/backend/vendor/laravel/framework/src/Illuminate/Database/Console/Seeds/SeedCommand.php(70): Illuminate\\Database\\Seeder->__invoke()
#23 /Users/meshach/Code/Catalyst-Internal/Catalyst IQ Website/apps/backend/vendor/laravel/framework/src/Illuminate/Database/Eloquent/Concerns/GuardsAttributes.php(155): Illuminate\\Database\\Console\\Seeds\\SeedCommand->{closure:Illuminate\\Database\\Console\\Seeds\\SeedCommand::handle():69}()
#24 /Users/meshach/Code/Catalyst-Internal/Catalyst IQ Website/apps/backend/vendor/laravel/framework/src/Illuminate/Database/Console/Seeds/SeedCommand.php(69): Illuminate\\Database\\Eloquent\\Model::unguarded(Object(Closure))
#25 /Users/meshach/Code/Catalyst-Internal/Catalyst IQ Website/apps/backend/vendor/laravel/framework/src/Illuminate/Container/BoundMethod.php(36): Illuminate\\Database\\Console\\Seeds\\SeedCommand->handle()
#26 /Users/meshach/Code/Catalyst-Internal/Catalyst IQ Website/apps/backend/vendor/laravel/framework/src/Illuminate/Container/Util.php(43): Illuminate\\Container\\BoundMethod::{closure:Illuminate\\Container\\BoundMethod::call():35}()
#27 /Users/meshach/Code/Catalyst-Internal/Catalyst IQ Website/apps/backend/vendor/laravel/framework/src/Illuminate/Container/BoundMethod.php(95): Illuminate\\Container\\Util::unwrapIfClosure(Object(Closure))
#28 /Users/meshach/Code/Catalyst-Internal/Catalyst IQ Website/apps/backend/vendor/laravel/framework/src/Illuminate/Container/BoundMethod.php(35): Illuminate\\Container\\BoundMethod::callBoundMethod(Object(Illuminate\\Foundation\\Application), Array, Object(Closure))
#29 /Users/meshach/Code/Catalyst-Internal/Catalyst IQ Website/apps/backend/vendor/laravel/framework/src/Illuminate/Container/Container.php(696): Illuminate\\Container\\BoundMethod::call(Object(Illuminate\\Foundation\\Application), Array, Array, NULL)
#30 /Users/meshach/Code/Catalyst-Internal/Catalyst IQ Website/apps/backend/vendor/laravel/framework/src/Illuminate/Console/Command.php(213): Illuminate\\Container\\Container->call(Array)
#31 /Users/meshach/Code/Catalyst-Internal/Catalyst IQ Website/apps/backend/vendor/symfony/console/Command/Command.php(341): Illuminate\\Console\\Command->execute(Object(Symfony\\Component\\Console\\Input\\ArgvInput), Object(Illuminate\\Console\\OutputStyle))
#32 /Users/meshach/Code/Catalyst-Internal/Catalyst IQ Website/apps/backend/vendor/laravel/framework/src/Illuminate/Console/Command.php(182): Symfony\\Component\\Console\\Command\\Command->run(Object(Symfony\\Component\\Console\\Input\\ArgvInput), Object(Illuminate\\Console\\OutputStyle))
#33 /Users/meshach/Code/Catalyst-Internal/Catalyst IQ Website/apps/backend/vendor/symfony/console/Application.php(1117): Illuminate\\Console\\Command->run(Object(Symfony\\Component\\Console\\Input\\ArgvInput), Object(Symfony\\Component\\Console\\Output\\ConsoleOutput))
#34 /Users/meshach/Code/Catalyst-Internal/Catalyst IQ Website/apps/backend/vendor/symfony/console/Application.php(356): Symfony\\Component\\Console\\Application->doRunCommand(Object(Illuminate\\Database\\Console\\Seeds\\SeedCommand), Object(Symfony\\Component\\Console\\Input\\ArgvInput), Object(Symfony\\Component\\Console\\Output\\ConsoleOutput))
#35 /Users/meshach/Code/Catalyst-Internal/Catalyst IQ Website/apps/backend/vendor/symfony/console/Application.php(195): Symfony\\Component\\Console\\Application->doRun(Object(Symfony\\Component\\Console\\Input\\ArgvInput), Object(Symfony\\Component\\Console\\Output\\ConsoleOutput))
#36 /Users/meshach/Code/Catalyst-Internal/Catalyst IQ Website/apps/backend/vendor/laravel/framework/src/Illuminate/Foundation/Console/Kernel.php(198): Symfony\\Component\\Console\\Application->run(Object(Symfony\\Component\\Console\\Input\\ArgvInput), Object(Symfony\\Component\\Console\\Output\\ConsoleOutput))
#37 /Users/meshach/Code/Catalyst-Internal/Catalyst IQ Website/apps/backend/vendor/laravel/framework/src/Illuminate/Foundation/Application.php(1235): Illuminate\\Foundation\\Console\\Kernel->handle(Object(Symfony\\Component\\Console\\Input\\ArgvInput), Object(Symfony\\Component\\Console\\Output\\ConsoleOutput))
#38 /Users/meshach/Code/Catalyst-Internal/Catalyst IQ Website/apps/backend/artisan(16): Illuminate\\Foundation\\Application->handleCommand(Object(Symfony\\Component\\Console\\Input\\ArgvInput))
#39 {main}

[previous exception] [object] (PDOException(code: 23000): SQLSTATE[23000]: Integrity constraint violation: 19 UNIQUE constraint failed: users.email at /Users/meshach/Code/Catalyst-Internal/Catalyst IQ Website/apps/backend/vendor/laravel/framework/src/Illuminate/Database/Connection.php:571)
[stacktrace]
#0 /Users/meshach/Code/Catalyst-Internal/Catalyst IQ Website/apps/backend/vendor/laravel/framework/src/Illuminate/Database/Connection.php(571): PDOStatement->execute()
#1 /Users/meshach/Code/Catalyst-Internal/Catalyst IQ Website/apps/backend/vendor/laravel/framework/src/Illuminate/Database/Connection.php(812): Illuminate\\Database\\Connection->{closure:Illuminate\\Database\\Connection::statement():560}('insert into \"us...', Array)
#2 /Users/meshach/Code/Catalyst-Internal/Catalyst IQ Website/apps/backend/vendor/laravel/framework/src/Illuminate/Database/Connection.php(779): Illuminate\\Database\\Connection->runQueryCallback('insert into \"us...', Array, Object(Closure))
#3 /Users/meshach/Code/Catalyst-Internal/Catalyst IQ Website/apps/backend/vendor/laravel/framework/src/Illuminate/Database/Connection.php(560): Illuminate\\Database\\Connection->run('insert into \"us...', Array, Object(Closure))
#4 /Users/meshach/Code/Catalyst-Internal/Catalyst IQ Website/apps/backend/vendor/laravel/framework/src/Illuminate/Database/Connection.php(524): Illuminate\\Database\\Connection->statement('insert into \"us...', Array)
#5 /Users/meshach/Code/Catalyst-Internal/Catalyst IQ Website/apps/backend/vendor/laravel/framework/src/Illuminate/Database/Query/Processors/Processor.php(32): Illuminate\\Database\\Connection->insert('insert into \"us...', Array)
#6 /Users/meshach/Code/Catalyst-Internal/Catalyst IQ Website/apps/backend/vendor/laravel/framework/src/Illuminate/Database/Query/Builder.php(3766): Illuminate\\Database\\Query\\Processors\\Processor->processInsertGetId(Object(Illuminate\\Database\\Query\\Builder), 'insert into \"us...', Array, 'id')
#7 /Users/meshach/Code/Catalyst-Internal/Catalyst IQ Website/apps/backend/vendor/laravel/framework/src/Illuminate/Database/Eloquent/Builder.php(2120): Illuminate\\Database\\Query\\Builder->insertGetId(Array, 'id')
#8 /Users/meshach/Code/Catalyst-Internal/Catalyst IQ Website/apps/backend/vendor/laravel/framework/src/Illuminate/Database/Eloquent/Model.php(1359): Illuminate\\Database\\Eloquent\\Builder->__call('insertGetId', Array)
#9 /Users/meshach/Code/Catalyst-Internal/Catalyst IQ Website/apps/backend/vendor/laravel/framework/src/Illuminate/Database/Eloquent/Model.php(1324): Illuminate\\Database\\Eloquent\\Model->insertAndSetId(Object(Illuminate\\Database\\Eloquent\\Builder), Array)
#10 /Users/meshach/Code/Catalyst-Internal/Catalyst IQ Website/apps/backend/vendor/laravel/framework/src/Illuminate/Database/Eloquent/Model.php(1163): Illuminate\\Database\\Eloquent\\Model->performInsert(Object(Illuminate\\Database\\Eloquent\\Builder))
#11 /Users/meshach/Code/Catalyst-Internal/Catalyst IQ Website/apps/backend/vendor/laravel/framework/src/Illuminate/Database/Eloquent/Factories/Factory.php(352): Illuminate\\Database\\Eloquent\\Model->save()
#12 /Users/meshach/Code/Catalyst-Internal/Catalyst IQ Website/apps/backend/vendor/laravel/framework/src/Illuminate/Collections/Traits/EnumeratesValues.php(261): Illuminate\\Database\\Eloquent\\Factories\\Factory->{closure:Illuminate\\Database\\Eloquent\\Factories\\Factory::store():347}(Object(App\\Models\\User), 0)
#13 /Users/meshach/Code/Catalyst-Internal/Catalyst IQ Website/apps/backend/vendor/laravel/framework/src/Illuminate/Database/Eloquent/Factories/Factory.php(347): Illuminate\\Support\\Collection->each(Object(Closure))
#14 /Users/meshach/Code/Catalyst-Internal/Catalyst IQ Website/apps/backend/vendor/laravel/framework/src/Illuminate/Database/Eloquent/Factories/Factory.php(303): Illuminate\\Database\\Eloquent\\Factories\\Factory->store(Object(Illuminate\\Support\\Collection))
#15 /Users/meshach/Code/Catalyst-Internal/Catalyst IQ Website/apps/backend/vendor/laravel/framework/src/Illuminate/Database/Eloquent/Factories/Factory.php(297): Illuminate\\Database\\Eloquent\\Factories\\Factory->create(Array, NULL)
#16 /Users/meshach/Code/Catalyst-Internal/Catalyst IQ Website/apps/backend/database/seeders/DatabaseSeeder.php(18): Illuminate\\Database\\Eloquent\\Factories\\Factory->create(Array)
#17 /Users/meshach/Code/Catalyst-Internal/Catalyst IQ Website/apps/backend/vendor/laravel/framework/src/Illuminate/Container/BoundMethod.php(36): Database\\Seeders\\DatabaseSeeder->run()
#18 /Users/meshach/Code/Catalyst-Internal/Catalyst IQ Website/apps/backend/vendor/laravel/framework/src/Illuminate/Container/Util.php(43): Illuminate\\Container\\BoundMethod::{closure:Illuminate\\Container\\BoundMethod::call():35}()
#19 /Users/meshach/Code/Catalyst-Internal/Catalyst IQ Website/apps/backend/vendor/laravel/framework/src/Illuminate/Container/BoundMethod.php(95): Illuminate\\Container\\Util::unwrapIfClosure(Object(Closure))
#20 /Users/meshach/Code/Catalyst-Internal/Catalyst IQ Website/apps/backend/vendor/laravel/framework/src/Illuminate/Container/BoundMethod.php(35): Illuminate\\Container\\BoundMethod::callBoundMethod(Object(Illuminate\\Foundation\\Application), Array, Object(Closure))
#21 /Users/meshach/Code/Catalyst-Internal/Catalyst IQ Website/apps/backend/vendor/laravel/framework/src/Illuminate/Container/Container.php(696): Illuminate\\Container\\BoundMethod::call(Object(Illuminate\\Foundation\\Application), Array, Array, NULL)
#22 /Users/meshach/Code/Catalyst-Internal/Catalyst IQ Website/apps/backend/vendor/laravel/framework/src/Illuminate/Database/Seeder.php(188): Illuminate\\Container\\Container->call(Array, Array)
#23 /Users/meshach/Code/Catalyst-Internal/Catalyst IQ Website/apps/backend/vendor/laravel/framework/src/Illuminate/Database/Seeder.php(197): Illuminate\\Database\\Seeder->{closure:Illuminate\\Database\\Seeder::__invoke():187}()
#24 /Users/meshach/Code/Catalyst-Internal/Catalyst IQ Website/apps/backend/vendor/laravel/framework/src/Illuminate/Database/Console/Seeds/SeedCommand.php(70): Illuminate\\Database\\Seeder->__invoke()
#25 /Users/meshach/Code/Catalyst-Internal/Catalyst IQ Website/apps/backend/vendor/laravel/framework/src/Illuminate/Database/Eloquent/Concerns/GuardsAttributes.php(155): Illuminate\\Database\\Console\\Seeds\\SeedCommand->{closure:Illuminate\\Database\\Console\\Seeds\\SeedCommand::handle():69}()
#26 /Users/meshach/Code/Catalyst-Internal/Catalyst IQ Website/apps/backend/vendor/laravel/framework/src/Illuminate/Database/Console/Seeds/SeedCommand.php(69): Illuminate\\Database\\Eloquent\\Model::unguarded(Object(Closure))
#27 /Users/meshach/Code/Catalyst-Internal/Catalyst IQ Website/apps/backend/vendor/laravel/framework/src/Illuminate/Container/BoundMethod.php(36): Illuminate\\Database\\Console\\Seeds\\SeedCommand->handle()
#28 /Users/meshach/Code/Catalyst-Internal/Catalyst IQ Website/apps/backend/vendor/laravel/framework/src/Illuminate/Container/Util.php(43): Illuminate\\Container\\BoundMethod::{closure:Illuminate\\Container\\BoundMethod::call():35}()
#29 /Users/meshach/Code/Catalyst-Internal/Catalyst IQ Website/apps/backend/vendor/laravel/framework/src/Illuminate/Container/BoundMethod.php(95): Illuminate\\Container\\Util::unwrapIfClosure(Object(Closure))
#30 /Users/meshach/Code/Catalyst-Internal/Catalyst IQ Website/apps/backend/vendor/laravel/framework/src/Illuminate/Container/BoundMethod.php(35): Illuminate\\Container\\BoundMethod::callBoundMethod(Object(Illuminate\\Foundation\\Application), Array, Object(Closure))
#31 /Users/meshach/Code/Catalyst-Internal/Catalyst IQ Website/apps/backend/vendor/laravel/framework/src/Illuminate/Container/Container.php(696): Illuminate\\Container\\BoundMethod::call(Object(Illuminate\\Foundation\\Application), Array, Array, NULL)
#32 /Users/meshach/Code/Catalyst-Internal/Catalyst IQ Website/apps/backend/vendor/laravel/framework/src/Illuminate/Console/Command.php(213): Illuminate\\Container\\Container->call(Array)
#33 /Users/meshach/Code/Catalyst-Internal/Catalyst IQ Website/apps/backend/vendor/symfony/console/Command/Command.php(341): Illuminate\\Console\\Command->execute(Object(Symfony\\Component\\Console\\Input\\ArgvInput), Object(Illuminate\\Console\\OutputStyle))
#34 /Users/meshach/Code/Catalyst-Internal/Catalyst IQ Website/apps/backend/vendor/laravel/framework/src/Illuminate/Console/Command.php(182): Symfony\\Component\\Console\\Command\\Command->run(Object(Symfony\\Component\\Console\\Input\\ArgvInput), Object(Illuminate\\Console\\OutputStyle))
#35 /Users/meshach/Code/Catalyst-Internal/Catalyst IQ Website/apps/backend/vendor/symfony/console/Application.php(1117): Illuminate\\Console\\Command->run(Object(Symfony\\Component\\Console\\Input\\ArgvInput), Object(Symfony\\Component\\Console\\Output\\ConsoleOutput))
#36 /Users/meshach/Code/Catalyst-Internal/Catalyst IQ Website/apps/backend/vendor/symfony/console/Application.php(356): Symfony\\Component\\Console\\Application->doRunCommand(Object(Illuminate\\Database\\Console\\Seeds\\SeedCommand), Object(Symfony\\Component\\Console\\Input\\ArgvInput), Object(Symfony\\Component\\Console\\Output\\ConsoleOutput))
#37 /Users/meshach/Code/Catalyst-Internal/Catalyst IQ Website/apps/backend/vendor/symfony/console/Application.php(195): Symfony\\Component\\Console\\Application->doRun(Object(Symfony\\Component\\Console\\Input\\ArgvInput), Object(Symfony\\Component\\Console\\Output\\ConsoleOutput))
#38 /Users/meshach/Code/Catalyst-Internal/Catalyst IQ Website/apps/backend/vendor/laravel/framework/src/Illuminate/Foundation/Console/Kernel.php(198): Symfony\\Component\\Console\\Application->run(Object(Symfony\\Component\\Console\\Input\\ArgvInput), Object(Symfony\\Component\\Console\\Output\\ConsoleOutput))
#39 /Users/meshach/Code/Catalyst-Internal/Catalyst IQ Website/apps/backend/vendor/laravel/framework/src/Illuminate/Foundation/Application.php(1235): Illuminate\\Foundation\\Console\\Kernel->handle(Object(Symfony\\Component\\Console\\Input\\ArgvInput), Object(Symfony\\Component\\Console\\Output\\ConsoleOutput))
#40 /Users/meshach/Code/Catalyst-Internal/Catalyst IQ Website/apps/backend/artisan(16): Illuminate\\Foundation\\Application->handleCommand(Object(Symfony\\Component\\Console\\Input\\ArgvInput))
#41 {main}
"} 
[2026-05-16 21:46:02] local.ERROR: No application encryption key has been specified. {"exception":"[object] (Illuminate\\Encryption\\MissingAppKeyException(code: 0): No application encryption key has been specified. at /Users/meshach/Code/Catalyst-Internal/Catalyst IQ Website/apps/backend/vendor/laravel/framework/src/Illuminate/Encryption/EncryptionServiceProvider.php:83)
[stacktrace]
#0 /Users/meshach/Code/Catalyst-Internal/Catalyst IQ Website/apps/backend/vendor/laravel/framework/src/Illuminate/Support/helpers.php(399): Illuminate\\Encryption\\EncryptionServiceProvider->{closure:Illuminate\\Encryption\\EncryptionServiceProvider::key():81}('')
#1 /Users/meshach/Code/Catalyst-Internal/Catalyst IQ Website/apps/backend/vendor/laravel/framework/src/Illuminate/Encryption/EncryptionServiceProvider.php(81): tap('', Object(Closure))
#2 /Users/meshach/Code/Catalyst-Internal/Catalyst IQ Website/apps/backend/vendor/laravel/framework/src/Illuminate/Encryption/EncryptionServiceProvider.php(64): Illuminate\\Encryption\\EncryptionServiceProvider->key(Array)
#3 /Users/meshach/Code/Catalyst-Internal/Catalyst IQ Website/apps/backend/vendor/laravel/framework/src/Illuminate/Encryption/EncryptionServiceProvider.php(32): Illuminate\\Encryption\\EncryptionServiceProvider->parseKey(Array)
#4 /Users/meshach/Code/Catalyst-Internal/Catalyst IQ Website/apps/backend/vendor/laravel/framework/src/Illuminate/Container/Container.php(952): Illuminate\\Encryption\\EncryptionServiceProvider->{closure:Illuminate\\Encryption\\EncryptionServiceProvider::registerEncrypter():29}(Object(Illuminate\\Foundation\\Application), Array)
#5 /Users/meshach/Code/Catalyst-Internal/Catalyst IQ Website/apps/backend/vendor/laravel/framework/src/Illuminate/Container/Container.php(832): Illuminate\\Container\\Container->build(Object(Closure))
#6 /Users/meshach/Code/Catalyst-Internal/Catalyst IQ Website/apps/backend/vendor/laravel/framework/src/Illuminate/Foundation/Application.php(1078): Illuminate\\Container\\Container->resolve('encrypter', Array, true)
#7 /Users/meshach/Code/Catalyst-Internal/Catalyst IQ Website/apps/backend/vendor/laravel/framework/src/Illuminate/Container/Container.php(763): Illuminate\\Foundation\\Application->resolve('encrypter', Array)
#8 /Users/meshach/Code/Catalyst-Internal/Catalyst IQ Website/apps/backend/vendor/laravel/framework/src/Illuminate/Foundation/Application.php(1058): Illuminate\\Container\\Container->make('encrypter', Array)
#9 /Users/meshach/Code/Catalyst-Internal/Catalyst IQ Website/apps/backend/vendor/laravel/framework/src/Illuminate/Container/Container.php(1133): Illuminate\\Foundation\\Application->make('encrypter')
#10 /Users/meshach/Code/Catalyst-Internal/Catalyst IQ Website/apps/backend/vendor/laravel/framework/src/Illuminate/Container/Container.php(1043): Illuminate\\Container\\Container->resolveClass(Object(ReflectionParameter))
#11 /Users/meshach/Code/Catalyst-Internal/Catalyst IQ Website/apps/backend/vendor/laravel/framework/src/Illuminate/Container/Container.php(994): Illuminate\\Container\\Container->resolveDependencies(Array)
#12 /Users/meshach/Code/Catalyst-Internal/Catalyst IQ Website/apps/backend/vendor/laravel/framework/src/Illuminate/Container/Container.php(832): Illuminate\\Container\\Container->build('Illuminate\\\\Cook...')
#13 /Users/meshach/Code/Catalyst-Internal/Catalyst IQ Website/apps/backend/vendor/laravel/framework/src/Illuminate/Foundation/Application.php(1078): Illuminate\\Container\\Container->resolve('Illuminate\\\\Cook...', Array, true)
#14 /Users/meshach/Code/Catalyst-Internal/Catalyst IQ Website/apps/backend/vendor/laravel/framework/src/Illuminate/Container/Container.php(763): Illuminate\\Foundation\\Application->resolve('Illuminate\\\\Cook...', Array)
#15 /Users/meshach/Code/Catalyst-Internal/Catalyst IQ Website/apps/backend/vendor/laravel/framework/src/Illuminate/Foundation/Application.php(1058): Illuminate\\Container\\Container->make('Illuminate\\\\Cook...', Array)
#16 /Users/meshach/Code/Catalyst-Internal/Catalyst IQ Website/apps/backend/vendor/laravel/framework/src/Illuminate/Pipeline/Pipeline.php(198): Illuminate\\Foundation\\Application->make('Illuminate\\\\Cook...')
#17 /Users/meshach/Code/Catalyst-Internal/Catalyst IQ Website/apps/backend/vendor/statamic/cms/src/Http/Middleware/SwapExceptionHandler.php(19): Illuminate\\Pipeline\\Pipeline->{closure:{closure:Illuminate\\Pipeline\\Pipeline::carry():184}:185}(Object(Illuminate\\Http\\Request))
#18 /Users/meshach/Code/Catalyst-Internal/Catalyst IQ Website/apps/backend/vendor/laravel/framework/src/Illuminate/Pipeline/Pipeline.php(209): Statamic\\Http\\Middleware\\SwapExceptionHandler->handle(Object(Illuminate\\Http\\Request), Object(Closure))
#19 /Users/meshach/Code/Catalyst-Internal/Catalyst IQ Website/apps/backend/vendor/laravel/framework/src/Illuminate/Pipeline/Pipeline.php(127): Illuminate\\Pipeline\\Pipeline->{closure:{closure:Illuminate\\Pipeline\\Pipeline::carry():184}:185}(Object(Illuminate\\Http\\Request))
#20 /Users/meshach/Code/Catalyst-Internal/Catalyst IQ Website/apps/backend/vendor/laravel/framework/src/Illuminate/Routing/Router.php(807): Illuminate\\Pipeline\\Pipeline->then(Object(Closure))
#21 /Users/meshach/Code/Catalyst-Internal/Catalyst IQ Website/apps/backend/vendor/laravel/framework/src/Illuminate/Routing/Router.php(786): Illuminate\\Routing\\Router->runRouteWithinStack(Object(Illuminate\\Routing\\Route), Object(Illuminate\\Http\\Request))
#22 /Users/meshach/Code/Catalyst-Internal/Catalyst IQ Website/apps/backend/vendor/laravel/framework/src/Illuminate/Routing/Router.php(750): Illuminate\\Routing\\Router->runRoute(Object(Illuminate\\Http\\Request), Object(Illuminate\\Routing\\Route))
#23 /Users/meshach/Code/Catalyst-Internal/Catalyst IQ Website/apps/backend/vendor/laravel/framework/src/Illuminate/Routing/Router.php(739): Illuminate\\Routing\\Router->dispatchToRoute(Object(Illuminate\\Http\\Request))
#24 /Users/meshach/Code/Catalyst-Internal/Catalyst IQ Website/apps/backend/vendor/laravel/framework/src/Illuminate/Foundation/Http/Kernel.php(201): Illuminate\\Routing\\Router->dispatch(Object(Illuminate\\Http\\Request))
#25 /Users/meshach/Code/Catalyst-Internal/Catalyst IQ Website/apps/backend/vendor/laravel/framework/src/Illuminate/Pipeline/Pipeline.php(170): Illuminate\\Foundation\\Http\\Kernel->{closure:Illuminate\\Foundation\\Http\\Kernel::dispatchToRouter():198}(Object(Illuminate\\Http\\Request))
#26 /Users/meshach/Code/Catalyst-Internal/Catalyst IQ Website/apps/backend/vendor/statamic/cms/src/Http/Middleware/StopImpersonating.php(12): Illuminate\\Pipeline\\Pipeline->{closure:Illuminate\\Pipeline\\Pipeline::prepareDestination():168}(Object(Illuminate\\Http\\Request))
#27 /Users/meshach/Code/Catalyst-Internal/Catalyst IQ Website/apps/backend/vendor/laravel/framework/src/Illuminate/Pipeline/Pipeline.php(209): Statamic\\Http\\Middleware\\StopImpersonating->handle(Object(Illuminate\\Http\\Request), Object(Closure))
#28 /Users/meshach/Code/Catalyst-Internal/Catalyst IQ Website/apps/backend/vendor/statamic/cms/src/Http/Middleware/DisableFloc.php(17): Illuminate\\Pipeline\\Pipeline->{closure:{closure:Illuminate\\Pipeline\\Pipeline::carry():184}:185}(Object(Illuminate\\Http\\Request))
#29 /Users/meshach/Code/Catalyst-Internal/Catalyst IQ Website/apps/backend/vendor/laravel/framework/src/Illuminate/Pipeline/Pipeline.php(209): Statamic\\Http\\Middleware\\DisableFloc->handle(Object(Illuminate\\Http\\Request), Object(Closure))
#30 /Users/meshach/Code/Catalyst-Internal/Catalyst IQ Website/apps/backend/vendor/statamic/cms/src/Http/Middleware/CheckMultisite.php(15): Illuminate\\Pipeline\\Pipeline->{closure:{closure:Illuminate\\Pipeline\\Pipeline::carry():184}:185}(Object(Illuminate\\Http\\Request))
#31 /Users/meshach/Code/Catalyst-Internal/Catalyst IQ Website/apps/backend/vendor/laravel/framework/src/Illuminate/Pipeline/Pipeline.php(209): Statamic\\Http\\Middleware\\CheckMultisite->handle(Object(Illuminate\\Http\\Request), Object(Closure))
#32 /Users/meshach/Code/Catalyst-Internal/Catalyst IQ Website/apps/backend/vendor/statamic/cms/src/Http/Middleware/CheckComposerJsonScripts.php(21): Illuminate\\Pipeline\\Pipeline->{closure:{closure:Illuminate\\Pipeline\\Pipeline::carry():184}:185}(Object(Illuminate\\Http\\Request))
#33 /Users/meshach/Code/Catalyst-Internal/Catalyst IQ Website/apps/backend/vendor/laravel/framework/src/Illuminate/Pipeline/Pipeline.php(209): Statamic\\Http\\Middleware\\CheckComposerJsonScripts->handle(Object(Illuminate\\Http\\Request), Object(Closure))
#34 /Users/meshach/Code/Catalyst-Internal/Catalyst IQ Website/apps/backend/vendor/statamic/cms/src/Http/Middleware/PoweredByHeader.php(18): Illuminate\\Pipeline\\Pipeline->{closure:{closure:Illuminate\\Pipeline\\Pipeline::carry():184}:185}(Object(Illuminate\\Http\\Request))
#35 /Users/meshach/Code/Catalyst-Internal/Catalyst IQ Website/apps/backend/vendor/laravel/framework/src/Illuminate/Pipeline/Pipeline.php(209): Statamic\\Http\\Middleware\\PoweredByHeader->handle(Object(Illuminate\\Http\\Request), Object(Closure))
#36 /Users/meshach/Code/Catalyst-Internal/Catalyst IQ Website/apps/backend/vendor/livewire/livewire/src/Features/SupportDisablingBackButtonCache/DisableBackButtonCacheMiddleware.php(19): Illuminate\\Pipeline\\Pipeline->{closure:{closure:Illuminate\\Pipeline\\Pipeline::carry():184}:185}(Object(Illuminate\\Http\\Request))
#37 /Users/meshach/Code/Catalyst-Internal/Catalyst IQ Website/apps/backend/vendor/laravel/framework/src/Illuminate/Pipeline/Pipeline.php(209): Livewire\\Features\\SupportDisablingBackButtonCache\\DisableBackButtonCacheMiddleware->handle(Object(Illuminate\\Http\\Request), Object(Closure))
#38 /Users/meshach/Code/Catalyst-Internal/Catalyst IQ Website/apps/backend/vendor/laravel/framework/src/Illuminate/Foundation/Http/Middleware/TransformsRequest.php(21): Illuminate\\Pipeline\\Pipeline->{closure:{closure:Illuminate\\Pipeline\\Pipeline::carry():184}:185}(Object(Illuminate\\Http\\Request))
#39 /Users/meshach/Code/Catalyst-Internal/Catalyst IQ Website/apps/backend/vendor/laravel/framework/src/Illuminate/Foundation/Http/Middleware/ConvertEmptyStringsToNull.php(31): Illuminate\\Foundation\\Http\\Middleware\\TransformsRequest->handle(Object(Illuminate\\Http\\Request), Object(Closure))
#40 /Users/meshach/Code/Catalyst-Internal/Catalyst IQ Website/apps/backend/vendor/laravel/framework/src/Illuminate/Pipeline/Pipeline.php(209): Illuminate\\Foundation\\Http\\Middleware\\ConvertEmptyStringsToNull->handle(Object(Illuminate\\Http\\Request), Object(Closure))
#41 /Users/meshach/Code/Catalyst-Internal/Catalyst IQ Website/apps/backend/vendor/laravel/framework/src/Illuminate/Foundation/Http/Middleware/TransformsRequest.php(21): Illuminate\\Pipeline\\Pipeline->{closure:{closure:Illuminate\\Pipeline\\Pipeline::carry():184}:185}(Object(Illuminate\\Http\\Request))
#42 /Users/meshach/Code/Catalyst-Internal/Catalyst IQ Website/apps/backend/vendor/laravel/framework/src/Illuminate/Foundation/Http/Middleware/TrimStrings.php(51): Illuminate\\Foundation\\Http\\Middleware\\TransformsRequest->handle(Object(Illuminate\\Http\\Request), Object(Closure))
#43 /Users/meshach/Code/Catalyst-Internal/Catalyst IQ Website/apps/backend/vendor/laravel/framework/src/Illuminate/Pipeline/Pipeline.php(209): Illuminate\\Foundation\\Http\\Middleware\\TrimStrings->handle(Object(Illuminate\\Http\\Request), Object(Closure))
#44 /Users/meshach/Code/Catalyst-Internal/Catalyst IQ Website/apps/backend/vendor/laravel/framework/src/Illuminate/Http/Middleware/ValidatePostSize.php(27): Illuminate\\Pipeline\\Pipeline->{closure:{closure:Illuminate\\Pipeline\\Pipeline::carry():184}:185}(Object(Illuminate\\Http\\Request))
#45 /Users/meshach/Code/Catalyst-Internal/Catalyst IQ Website/apps/backend/vendor/laravel/framework/src/Illuminate/Pipeline/Pipeline.php(209): Illuminate\\Http\\Middleware\\ValidatePostSize->handle(Object(Illuminate\\Http\\Request), Object(Closure))
#46 /Users/meshach/Code/Catalyst-Internal/Catalyst IQ Website/apps/backend/vendor/laravel/framework/src/Illuminate/Foundation/Http/Middleware/PreventRequestsDuringMaintenance.php(110): Illuminate\\Pipeline\\Pipeline->{closure:{closure:Illuminate\\Pipeline\\Pipeline::carry():184}:185}(Object(Illuminate\\Http\\Request))
#47 /Users/meshach/Code/Catalyst-Internal/Catalyst IQ Website/apps/backend/vendor/laravel/framework/src/Illuminate/Pipeline/Pipeline.php(209): Illuminate\\Foundation\\Http\\Middleware\\PreventRequestsDuringMaintenance->handle(Object(Illuminate\\Http\\Request), Object(Closure))
#48 /Users/meshach/Code/Catalyst-Internal/Catalyst IQ Website/apps/backend/vendor/laravel/framework/src/Illuminate/Http/Middleware/HandleCors.php(62): Illuminate\\Pipeline\\Pipeline->{closure:{closure:Illuminate\\Pipeline\\Pipeline::carry():184}:185}(Object(Illuminate\\Http\\Request))
#49 /Users/meshach/Code/Catalyst-Internal/Catalyst IQ Website/apps/backend/vendor/laravel/framework/src/Illuminate/Pipeline/Pipeline.php(209): Illuminate\\Http\\Middleware\\HandleCors->handle(Object(Illuminate\\Http\\Request), Object(Closure))
#50 /Users/meshach/Code/Catalyst-Internal/Catalyst IQ Website/apps/backend/vendor/laravel/framework/src/Illuminate/Http/Middleware/TrustProxies.php(58): Illuminate\\Pipeline\\Pipeline->{closure:{closure:Illuminate\\Pipeline\\Pipeline::carry():184}:185}(Object(Illuminate\\Http\\Request))
#51 /Users/meshach/Code/Catalyst-Internal/Catalyst IQ Website/apps/backend/vendor/laravel/framework/src/Illuminate/Pipeline/Pipeline.php(209): Illuminate\\Http\\Middleware\\TrustProxies->handle(Object(Illuminate\\Http\\Request), Object(Closure))
#52 /Users/meshach/Code/Catalyst-Internal/Catalyst IQ Website/apps/backend/vendor/laravel/framework/src/Illuminate/Foundation/Http/Middleware/InvokeDeferredCallbacks.php(22): Illuminate\\Pipeline\\Pipeline->{closure:{closure:Illuminate\\Pipeline\\Pipeline::carry():184}:185}(Object(Illuminate\\Http\\Request))
#53 /Users/meshach/Code/Catalyst-Internal/Catalyst IQ Website/apps/backend/vendor/laravel/framework/src/Illuminate/Pipeline/Pipeline.php(209): Illuminate\\Foundation\\Http\\Middleware\\InvokeDeferredCallbacks->handle(Object(Illuminate\\Http\\Request), Object(Closure))
#54 /Users/meshach/Code/Catalyst-Internal/Catalyst IQ Website/apps/backend/vendor/laravel/framework/src/Illuminate/Pipeline/Pipeline.php(127): Illuminate\\Pipeline\\Pipeline->{closure:{closure:Illuminate\\Pipeline\\Pipeline::carry():184}:185}(Object(Illuminate\\Http\\Request))
#55 /Users/meshach/Code/Catalyst-Internal/Catalyst IQ Website/apps/backend/vendor/laravel/framework/src/Illuminate/Foundation/Http/Kernel.php(176): Illuminate\\Pipeline\\Pipeline->then(Object(Closure))
#56 /Users/meshach/Code/Catalyst-Internal/Catalyst IQ Website/apps/backend/vendor/laravel/framework/src/Illuminate/Foundation/Http/Kernel.php(145): Illuminate\\Foundation\\Http\\Kernel->sendRequestThroughRouter(Object(Illuminate\\Http\\Request))
#57 /Users/meshach/Code/Catalyst-Internal/Catalyst IQ Website/apps/backend/vendor/laravel/framework/src/Illuminate/Foundation/Application.php(1220): Illuminate\\Foundation\\Http\\Kernel->handle(Object(Illuminate\\Http\\Request))
#58 /Users/meshach/Code/Catalyst-Internal/Catalyst IQ Website/apps/backend/public/index.php(20): Illuminate\\Foundation\\Application->handleRequest(Object(Illuminate\\Http\\Request))
#59 /Users/meshach/Code/Catalyst-Internal/Catalyst IQ Website/apps/backend/vendor/laravel/framework/src/Illuminate/Foundation/resources/server.php(23): require_once('/Users/meshach/...')
#60 {main}
"} 
[2026-05-16 21:46:02] local.ERROR: No application encryption key has been specified. {"exception":"[object] (Illuminate\\Encryption\\MissingAppKeyException(code: 0): No application encryption key has been specified. at /Users/meshach/Code/Catalyst-Internal/Catalyst IQ Website/apps/backend/vendor/laravel/framework/src/Illuminate/Encryption/EncryptionServiceProvider.php:83)
[stacktrace]
#0 /Users/meshach/Code/Catalyst-Internal/Catalyst IQ Website/apps/backend/vendor/laravel/framework/src/Illuminate/Support/helpers.php(399): Illuminate\\Encryption\\EncryptionServiceProvider->{closure:Illuminate\\Encryption\\EncryptionServiceProvider::key():81}('')
#1 /Users/meshach/Code/Catalyst-Internal/Catalyst IQ Website/apps/backend/vendor/laravel/framework/src/Illuminate/Encryption/EncryptionServiceProvider.php(81): tap('', Object(Closure))
#2 /Users/meshach/Code/Catalyst-Internal/Catalyst IQ Website/apps/backend/vendor/laravel/framework/src/Illuminate/Encryption/EncryptionServiceProvider.php(64): Illuminate\\Encryption\\EncryptionServiceProvider->key(Array)
#3 /Users/meshach/Code/Catalyst-Internal/Catalyst IQ Website/apps/backend/vendor/laravel/framework/src/Illuminate/Encryption/EncryptionServiceProvider.php(32): Illuminate\\Encryption\\EncryptionServiceProvider->parseKey(Array)
#4 /Users/meshach/Code/Catalyst-Internal/Catalyst IQ Website/apps/backend/vendor/laravel/framework/src/Illuminate/Container/Container.php(952): Illuminate\\Encryption\\EncryptionServiceProvider->{closure:Illuminate\\Encryption\\EncryptionServiceProvider::registerEncrypter():29}(Object(Illuminate\\Foundation\\Application), Array)
#5 /Users/meshach/Code/Catalyst-Internal/Catalyst IQ Website/apps/backend/vendor/laravel/framework/src/Illuminate/Container/Container.php(832): Illuminate\\Container\\Container->build(Object(Closure))
#6 /Users/meshach/Code/Catalyst-Internal/Catalyst IQ Website/apps/backend/vendor/laravel/framework/src/Illuminate/Foundation/Application.php(1078): Illuminate\\Container\\Container->resolve('encrypter', Array, true)
#7 /Users/meshach/Code/Catalyst-Internal/Catalyst IQ Website/apps/backend/vendor/laravel/framework/src/Illuminate/Container/Container.php(763): Illuminate\\Foundation\\Application->resolve('encrypter', Array)
#8 /Users/meshach/Code/Catalyst-Internal/Catalyst IQ Website/apps/backend/vendor/laravel/framework/src/Illuminate/Foundation/Application.php(1058): Illuminate\\Container\\Container->make('encrypter', Array)
#9 /Users/meshach/Code/Catalyst-Internal/Catalyst IQ Website/apps/backend/vendor/laravel/framework/src/Illuminate/Container/Container.php(1133): Illuminate\\Foundation\\Application->make('encrypter')
#10 /Users/meshach/Code/Catalyst-Internal/Catalyst IQ Website/apps/backend/vendor/laravel/framework/src/Illuminate/Container/Container.php(1043): Illuminate\\Container\\Container->resolveClass(Object(ReflectionParameter))
#11 /Users/meshach/Code/Catalyst-Internal/Catalyst IQ Website/apps/backend/vendor/laravel/framework/src/Illuminate/Container/Container.php(994): Illuminate\\Container\\Container->resolveDependencies(Array)
#12 /Users/meshach/Code/Catalyst-Internal/Catalyst IQ Website/apps/backend/vendor/laravel/framework/src/Illuminate/Container/Container.php(832): Illuminate\\Container\\Container->build('Illuminate\\\\Cook...')
#13 /Users/meshach/Code/Catalyst-Internal/Catalyst IQ Website/apps/backend/vendor/laravel/framework/src/Illuminate/Foundation/Application.php(1078): Illuminate\\Container\\Container->resolve('Illuminate\\\\Cook...', Array, true)
#14 /Users/meshach/Code/Catalyst-Internal/Catalyst IQ Website/apps/backend/vendor/laravel/framework/src/Illuminate/Container/Container.php(763): Illuminate\\Foundation\\Application->resolve('Illuminate\\\\Cook...', Array)
#15 /Users/meshach/Code/Catalyst-Internal/Catalyst IQ Website/apps/backend/vendor/laravel/framework/src/Illuminate/Foundation/Application.php(1058): Illuminate\\Container\\Container->make('Illuminate\\\\Cook...', Array)
#16 /Users/meshach/Code/Catalyst-Internal/Catalyst IQ Website/apps/backend/vendor/laravel/framework/src/Illuminate/Foundation/Http/Kernel.php(258): Illuminate\\Foundation\\Application->make('Illuminate\\\\Cook...')
#17 /Users/meshach/Code/Catalyst-Internal/Catalyst IQ Website/apps/backend/vendor/laravel/framework/src/Illuminate/Foundation/Http/Kernel.php(216): Illuminate\\Foundation\\Http\\Kernel->terminateMiddleware(Object(Illuminate\\Http\\Request), Object(Illuminate\\Http\\Response))
#18 /Users/meshach/Code/Catalyst-Internal/Catalyst IQ Website/apps/backend/vendor/laravel/framework/src/Illuminate/Foundation/Application.php(1222): Illuminate\\Foundation\\Http\\Kernel->terminate(Object(Illuminate\\Http\\Request), Object(Illuminate\\Http\\Response))
#19 /Users/meshach/Code/Catalyst-Internal/Catalyst IQ Website/apps/backend/public/index.php(20): Illuminate\\Foundation\\Application->handleRequest(Object(Illuminate\\Http\\Request))
#20 /Users/meshach/Code/Catalyst-Internal/Catalyst IQ Website/apps/backend/vendor/laravel/framework/src/Illuminate/Foundation/resources/server.php(23): require_once('/Users/meshach/...')
#21 {main}
"} 
[2026-05-16 21:46:20] local.ERROR: No application encryption key has been specified. {"exception":"[object] (Illuminate\\Encryption\\MissingAppKeyException(code: 0): No application encryption key has been specified. at /Users/meshach/Code/Catalyst-Internal/Catalyst IQ Website/apps/backend/vendor/laravel/framework/src/Illuminate/Encryption/EncryptionServiceProvider.php:83)
[stacktrace]
#0 /Users/meshach/Code/Catalyst-Internal/Catalyst IQ Website/apps/backend/vendor/laravel/framework/src/Illuminate/Support/helpers.php(399): Illuminate\\Encryption\\EncryptionServiceProvider->{closure:Illuminate\\Encryption\\EncryptionServiceProvider::key():81}('')
#1 /Users/meshach/Code/Catalyst-Internal/Catalyst IQ Website/apps/backend/vendor/laravel/framework/src/Illuminate/Encryption/EncryptionServiceProvider.php(81): tap('', Object(Closure))
#2 /Users/meshach/Code/Catalyst-Internal/Catalyst IQ Website/apps/backend/vendor/laravel/framework/src/Illuminate/Encryption/EncryptionServiceProvider.php(64): Illuminate\\Encryption\\EncryptionServiceProvider->key(Array)
#3 /Users/meshach/Code/Catalyst-Internal/Catalyst IQ Website/apps/backend/vendor/laravel/framework/src/Illuminate/Encryption/EncryptionServiceProvider.php(32): Illuminate\\Encryption\\EncryptionServiceProvider->parseKey(Array)
#4 /Users/meshach/Code/Catalyst-Internal/Catalyst IQ Website/apps/backend/vendor/laravel/framework/src/Illuminate/Container/Container.php(952): Illuminate\\Encryption\\EncryptionServiceProvider->{closure:Illuminate\\Encryption\\EncryptionServiceProvider::registerEncrypter():29}(Object(Illuminate\\Foundation\\Application), Array)
#5 /Users/meshach/Code/Catalyst-Internal/Catalyst IQ Website/apps/backend/vendor/laravel/framework/src/Illuminate/Container/Container.php(832): Illuminate\\Container\\Container->build(Object(Closure))
#6 /Users/meshach/Code/Catalyst-Internal/Catalyst IQ Website/apps/backend/vendor/laravel/framework/src/Illuminate/Foundation/Application.php(1078): Illuminate\\Container\\Container->resolve('encrypter', Array, true)
#7 /Users/meshach/Code/Catalyst-Internal/Catalyst IQ Website/apps/backend/vendor/laravel/framework/src/Illuminate/Container/Container.php(763): Illuminate\\Foundation\\Application->resolve('encrypter', Array)
#8 /Users/meshach/Code/Catalyst-Internal/Catalyst IQ Website/apps/backend/vendor/laravel/framework/src/Illuminate/Foundation/Application.php(1058): Illuminate\\Container\\Container->make('encrypter', Array)
#9 /Users/meshach/Code/Catalyst-Internal/Catalyst IQ Website/apps/backend/vendor/laravel/framework/src/Illuminate/Container/Container.php(1133): Illuminate\\Foundation\\Application->make('encrypter')
#10 /Users/meshach/Code/Catalyst-Internal/Catalyst IQ Website/apps/backend/vendor/laravel/framework/src/Illuminate/Container/Container.php(1043): Illuminate\\Container\\Container->resolveClass(Object(ReflectionParameter))
#11 /Users/meshach/Code/Catalyst-Internal/Catalyst IQ Website/apps/backend/vendor/laravel/framework/src/Illuminate/Container/Container.php(994): Illuminate\\Container\\Container->resolveDependencies(Array)
#12 /Users/meshach/Code/Catalyst-Internal/Catalyst IQ Website/apps/backend/vendor/laravel/framework/src/Illuminate/Container/Container.php(832): Illuminate\\Container\\Container->build('Illuminate\\\\Cook...')
#13 /Users/meshach/Code/Catalyst-Internal/Catalyst IQ Website/apps/backend/vendor/laravel/framework/src/Illuminate/Foundation/Application.php(1078): Illuminate\\Container\\Container->resolve('Illuminate\\\\Cook...', Array, true)
#14 /Users/meshach/Code/Catalyst-Internal/Catalyst IQ Website/apps/backend/vendor/laravel/framework/src/Illuminate/Container/Container.php(763): Illuminate\\Foundation\\Application->resolve('Illuminate\\\\Cook...', Array)
#15 /Users/meshach/Code/Catalyst-Internal/Catalyst IQ Website/apps/backend/vendor/laravel/framework/src/Illuminate/Foundation/Application.php(1058): Illuminate\\Container\\Container->make('Illuminate\\\\Cook...', Array)
#16 /Users/meshach/Code/Catalyst-Internal/Catalyst IQ Website/apps/backend/vendor/laravel/framework/src/Illuminate/Pipeline/Pipeline.php(198): Illuminate\\Foundation\\Application->make('Illuminate\\\\Cook...')
#17 /Users/meshach/Code/Catalyst-Internal/Catalyst IQ Website/apps/backend/vendor/laravel/framework/src/Illuminate/Pipeline/Pipeline.php(127): Illuminate\\Pipeline\\Pipeline->{closure:{closure:Illuminate\\Pipeline\\Pipeline::carry():184}:185}(Object(Illuminate\\Http\\Request))
#18 /Users/meshach/Code/Catalyst-Internal/Catalyst IQ Website/apps/backend/vendor/laravel/framework/src/Illuminate/Routing/Router.php(807): Illuminate\\Pipeline\\Pipeline->then(Object(Closure))
#19 /Users/meshach/Code/Catalyst-Internal/Catalyst IQ Website/apps/backend/vendor/laravel/framework/src/Illuminate/Routing/Router.php(786): Illuminate\\Routing\\Router->runRouteWithinStack(Object(Illuminate\\Routing\\Route), Object(Illuminate\\Http\\Request))
#20 /Users/meshach/Code/Catalyst-Internal/Catalyst IQ Website/apps/backend/vendor/laravel/framework/src/Illuminate/Routing/Router.php(750): Illuminate\\Routing\\Router->runRoute(Object(Illuminate\\Http\\Request), Object(Illuminate\\Routing\\Route))
#21 /Users/meshach/Code/Catalyst-Internal/Catalyst IQ Website/apps/backend/vendor/laravel/framework/src/Illuminate/Routing/Router.php(739): Illuminate\\Routing\\Router->dispatchToRoute(Object(Illuminate\\Http\\Request))
#22 /Users/meshach/Code/Catalyst-Internal/Catalyst IQ Website/apps/backend/vendor/laravel/framework/src/Illuminate/Foundation/Http/Kernel.php(201): Illuminate\\Routing\\Router->dispatch(Object(Illuminate\\Http\\Request))
#23 /Users/meshach/Code/Catalyst-Internal/Catalyst IQ Website/apps/backend/vendor/laravel/framework/src/Illuminate/Pipeline/Pipeline.php(170): Illuminate\\Foundation\\Http\\Kernel->{closure:Illuminate\\Foundation\\Http\\Kernel::dispatchToRouter():198}(Object(Illuminate\\Http\\Request))
#24 /Users/meshach/Code/Catalyst-Internal/Catalyst IQ Website/apps/backend/vendor/statamic/cms/src/Http/Middleware/StopImpersonating.php(12): Illuminate\\Pipeline\\Pipeline->{closure:Illuminate\\Pipeline\\Pipeline::prepareDestination():168}(Object(Illuminate\\Http\\Request))
#25 /Users/meshach/Code/Catalyst-Internal/Catalyst IQ Website/apps/backend/vendor/laravel/framework/src/Illuminate/Pipeline/Pipeline.php(209): Statamic\\Http\\Middleware\\StopImpersonating->handle(Object(Illuminate\\Http\\Request), Object(Closure))
#26 /Users/meshach/Code/Catalyst-Internal/Catalyst IQ Website/apps/backend/vendor/statamic/cms/src/Http/Middleware/DisableFloc.php(17): Illuminate\\Pipeline\\Pipeline->{closure:{closure:Illuminate\\Pipeline\\Pipeline::carry():184}:185}(Object(Illuminate\\Http\\Request))
#27 /Users/meshach/Code/Catalyst-Internal/Catalyst IQ Website/apps/backend/vendor/laravel/framework/src/Illuminate/Pipeline/Pipeline.php(209): Statamic\\Http\\Middleware\\DisableFloc->handle(Object(Illuminate\\Http\\Request), Object(Closure))
#28 /Users/meshach/Code/Catalyst-Internal/Catalyst IQ Website/apps/backend/vendor/statamic/cms/src/Http/Middleware/CheckMultisite.php(15): Illuminate\\Pipeline\\Pipeline->{closure:{closure:Illuminate\\Pipeline\\Pipeline::carry():184}:185}(Object(Illuminate\\Http\\Request))
#29 /Users/meshach/Code/Catalyst-Internal/Catalyst IQ Website/apps/backend/vendor/laravel/framework/src/Illuminate/Pipeline/Pipeline.php(209): Statamic\\Http\\Middleware\\CheckMultisite->handle(Object(Illuminate\\Http\\Request), Object(Closure))
#30 /Users/meshach/Code/Catalyst-Internal/Catalyst IQ Website/apps/backend/vendor/statamic/cms/src/Http/Middleware/CheckComposerJsonScripts.php(21): Illuminate\\Pipeline\\Pipeline->{closure:{closure:Illuminate\\Pipeline\\Pipeline::carry():184}:185}(Object(Illuminate\\Http\\Request))
#31 /Users/meshach/Code/Catalyst-Internal/Catalyst IQ Website/apps/backend/vendor/laravel/framework/src/Illuminate/Pipeline/Pipeline.php(209): Statamic\\Http\\Middleware\\CheckComposerJsonScripts->handle(Object(Illuminate\\Http\\Request), Object(Closure))
#32 /Users/meshach/Code/Catalyst-Internal/Catalyst IQ Website/apps/backend/vendor/statamic/cms/src/Http/Middleware/PoweredByHeader.php(18): Illuminate\\Pipeline\\Pipeline->{closure:{closure:Illuminate\\Pipeline\\Pipeline::carry():184}:185}(Object(Illuminate\\Http\\Request))
#33 /Users/meshach/Code/Catalyst-Internal/Catalyst IQ Website/apps/backend/vendor/laravel/framework/src/Illuminate/Pipeline/Pipeline.php(209): Statamic\\Http\\Middleware\\PoweredByHeader->handle(Object(Illuminate\\Http\\Request), Object(Closure))
#34 /Users/meshach/Code/Catalyst-Internal/Catalyst IQ Website/apps/backend/vendor/livewire/livewire/src/Features/SupportDisablingBackButtonCache/DisableBackButtonCacheMiddleware.php(19): Illuminate\\Pipeline\\Pipeline->{closure:{closure:Illuminate\\Pipeline\\Pipeline::carry():184}:185}(Object(Illuminate\\Http\\Request))
#35 /Users/meshach/Code/Catalyst-Internal/Catalyst IQ Website/apps/backend/vendor/laravel/framework/src/Illuminate/Pipeline/Pipeline.php(209): Livewire\\Features\\SupportDisablingBackButtonCache\\DisableBackButtonCacheMiddleware->handle(Object(Illuminate\\Http\\Request), Object(Closure))
#36 /Users/meshach/Code/Catalyst-Internal/Catalyst IQ Website/apps/backend/vendor/laravel/framework/src/Illuminate/Foundation/Http/Middleware/TransformsRequest.php(21): Illuminate\\Pipeline\\Pipeline->{closure:{closure:Illuminate\\Pipeline\\Pipeline::carry():184}:185}(Object(Illuminate\\Http\\Request))
#37 /Users/meshach/Code/Catalyst-Internal/Catalyst IQ Website/apps/backend/vendor/laravel/framework/src/Illuminate/Foundation/Http/Middleware/ConvertEmptyStringsToNull.php(31): Illuminate\\Foundation\\Http\\Middleware\\TransformsRequest->handle(Object(Illuminate\\Http\\Request), Object(Closure))
#38 /Users/meshach/Code/Catalyst-Internal/Catalyst IQ Website/apps/backend/vendor/laravel/framework/src/Illuminate/Pipeline/Pipeline.php(209): Illuminate\\Foundation\\Http\\Middleware\\ConvertEmptyStringsToNull->handle(Object(Illuminate\\Http\\Request), Object(Closure))
#39 /Users/meshach/Code/Catalyst-Internal/Catalyst IQ Website/apps/backend/vendor/laravel/framework/src/Illuminate/Foundation/Http/Middleware/TransformsRequest.php(21): Illuminate\\Pipeline\\Pipeline->{closure:{closure:Illuminate\\Pipeline\\Pipeline::carry():184}:185}(Object(Illuminate\\Http\\Request))
#40 /Users/meshach/Code/Catalyst-Internal/Catalyst IQ Website/apps/backend/vendor/laravel/framework/src/Illuminate/Foundation/Http/Middleware/TrimStrings.php(51): Illuminate\\Foundation\\Http\\Middleware\\TransformsRequest->handle(Object(Illuminate\\Http\\Request), Object(Closure))
#41 /Users/meshach/Code/Catalyst-Internal/Catalyst IQ Website/apps/backend/vendor/laravel/framework/src/Illuminate/Pipeline/Pipeline.php(209): Illuminate\\Foundation\\Http\\Middleware\\TrimStrings->handle(Object(Illuminate\\Http\\Request), Object(Closure))
#42 /Users/meshach/Code/Catalyst-Internal/Catalyst IQ Website/apps/backend/vendor/laravel/framework/src/Illuminate/Http/Middleware/ValidatePostSize.php(27): Illuminate\\Pipeline\\Pipeline->{closure:{closure:Illuminate\\Pipeline\\Pipeline::carry():184}:185}(Object(Illuminate\\Http\\Request))
#43 /Users/meshach/Code/Catalyst-Internal/Catalyst IQ Website/apps/backend/vendor/laravel/framework/src/Illuminate/Pipeline/Pipeline.php(209): Illuminate\\Http\\Middleware\\ValidatePostSize->handle(Object(Illuminate\\Http\\Request), Object(Closure))
#44 /Users/meshach/Code/Catalyst-Internal/Catalyst IQ Website/apps/backend/vendor/laravel/framework/src/Illuminate/Foundation/Http/Middleware/PreventRequestsDuringMaintenance.php(110): Illuminate\\Pipeline\\Pipeline->{closure:{closure:Illuminate\\Pipeline\\Pipeline::carry():184}:185}(Object(Illuminate\\Http\\Request))
#45 /Users/meshach/Code/Catalyst-Internal/Catalyst IQ Website/apps/backend/vendor/laravel/framework/src/Illuminate/Pipeline/Pipeline.php(209): Illuminate\\Foundation\\Http\\Middleware\\PreventRequestsDuringMaintenance->handle(Object(Illuminate\\Http\\Request), Object(Closure))
#46 /Users/meshach/Code/Catalyst-Internal/Catalyst IQ Website/apps/backend/vendor/laravel/framework/src/Illuminate/Http/Middleware/HandleCors.php(62): Illuminate\\Pipeline\\Pipeline->{closure:{closure:Illuminate\\Pipeline\\Pipeline::carry():184}:185}(Object(Illuminate\\Http\\Request))
#47 /Users/meshach/Code/Catalyst-Internal/Catalyst IQ Website/apps/backend/vendor/laravel/framework/src/Illuminate/Pipeline/Pipeline.php(209): Illuminate\\Http\\Middleware\\HandleCors->handle(Object(Illuminate\\Http\\Request), Object(Closure))
#48 /Users/meshach/Code/Catalyst-Internal/Catalyst IQ Website/apps/backend/vendor/laravel/framework/src/Illuminate/Http/Middleware/TrustProxies.php(58): Illuminate\\Pipeline\\Pipeline->{closure:{closure:Illuminate\\Pipeline\\Pipeline::carry():184}:185}(Object(Illuminate\\Http\\Request))
#49 /Users/meshach/Code/Catalyst-Internal/Catalyst IQ Website/apps/backend/vendor/laravel/framework/src/Illuminate/Pipeline/Pipeline.php(209): Illuminate\\Http\\Middleware\\TrustProxies->handle(Object(Illuminate\\Http\\Request), Object(Closure))
#50 /Users/meshach/Code/Catalyst-Internal/Catalyst IQ Website/apps/backend/vendor/laravel/framework/src/Illuminate/Foundation/Http/Middleware/InvokeDeferredCallbacks.php(22): Illuminate\\Pipeline\\Pipeline->{closure:{closure:Illuminate\\Pipeline\\Pipeline::carry():184}:185}(Object(Illuminate\\Http\\Request))
#51 /Users/meshach/Code/Catalyst-Internal/Catalyst IQ Website/apps/backend/vendor/laravel/framework/src/Illuminate/Pipeline/Pipeline.php(209): Illuminate\\Foundation\\Http\\Middleware\\InvokeDeferredCallbacks->handle(Object(Illuminate\\Http\\Request), Object(Closure))
#52 /Users/meshach/Code/Catalyst-Internal/Catalyst IQ Website/apps/backend/vendor/laravel/framework/src/Illuminate/Pipeline/Pipeline.php(127): Illuminate\\Pipeline\\Pipeline->{closure:{closure:Illuminate\\Pipeline\\Pipeline::carry():184}:185}(Object(Illuminate\\Http\\Request))
#53 /Users/meshach/Code/Catalyst-Internal/Catalyst IQ Website/apps/backend/vendor/laravel/framework/src/Illuminate/Foundation/Http/Kernel.php(176): Illuminate\\Pipeline\\Pipeline->then(Object(Closure))
#54 /Users/meshach/Code/Catalyst-Internal/Catalyst IQ Website/apps/backend/vendor/laravel/framework/src/Illuminate/Foundation/Http/Kernel.php(145): Illuminate\\Foundation\\Http\\Kernel->sendRequestThroughRouter(Object(Illuminate\\Http\\Request))
#55 /Users/meshach/Code/Catalyst-Internal/Catalyst IQ Website/apps/backend/vendor/laravel/framework/src/Illuminate/Foundation/Application.php(1220): Illuminate\\Foundation\\Http\\Kernel->handle(Object(Illuminate\\Http\\Request))
#56 /Users/meshach/Code/Catalyst-Internal/Catalyst IQ Website/apps/backend/public/index.php(20): Illuminate\\Foundation\\Application->handleRequest(Object(Illuminate\\Http\\Request))
#57 /Users/meshach/Code/Catalyst-Internal/Catalyst IQ Website/apps/backend/vendor/laravel/framework/src/Illuminate/Foundation/resources/server.php(23): require_once('/Users/meshach/...')
#58 {main}
"} 
[2026-05-16 21:46:21] local.ERROR: No application encryption key has been specified. {"exception":"[object] (Illuminate\\Encryption\\MissingAppKeyException(code: 0): No application encryption key has been specified. at /Users/meshach/Code/Catalyst-Internal/Catalyst IQ Website/apps/backend/vendor/laravel/framework/src/Illuminate/Encryption/EncryptionServiceProvider.php:83)
[stacktrace]
#0 /Users/meshach/Code/Catalyst-Internal/Catalyst IQ Website/apps/backend/vendor/laravel/framework/src/Illuminate/Support/helpers.php(399): Illuminate\\Encryption\\EncryptionServiceProvider->{closure:Illuminate\\Encryption\\EncryptionServiceProvider::key():81}('')
#1 /Users/meshach/Code/Catalyst-Internal/Catalyst IQ Website/apps/backend/vendor/laravel/framework/src/Illuminate/Encryption/EncryptionServiceProvider.php(81): tap('', Object(Closure))
#2 /Users/meshach/Code/Catalyst-Internal/Catalyst IQ Website/apps/backend/vendor/laravel/framework/src/Illuminate/Encryption/EncryptionServiceProvider.php(64): Illuminate\\Encryption\\EncryptionServiceProvider->key(Array)
#3 /Users/meshach/Code/Catalyst-Internal/Catalyst IQ Website/apps/backend/vendor/laravel/framework/src/Illuminate/Encryption/EncryptionServiceProvider.php(32): Illuminate\\Encryption\\EncryptionServiceProvider->parseKey(Array)
#4 /Users/meshach/Code/Catalyst-Internal/Catalyst IQ Website/apps/backend/vendor/laravel/framework/src/Illuminate/Container/Container.php(952): Illuminate\\Encryption\\EncryptionServiceProvider->{closure:Illuminate\\Encryption\\EncryptionServiceProvider::registerEncrypter():29}(Object(Illuminate\\Foundation\\Application), Array)
#5 /Users/meshach/Code/Catalyst-Internal/Catalyst IQ Website/apps/backend/vendor/laravel/framework/src/Illuminate/Container/Container.php(832): Illuminate\\Container\\Container->build(Object(Closure))
#6 /Users/meshach/Code/Catalyst-Internal/Catalyst IQ Website/apps/backend/vendor/laravel/framework/src/Illuminate/Foundation/Application.php(1078): Illuminate\\Container\\Container->resolve('encrypter', Array, true)
#7 /Users/meshach/Code/Catalyst-Internal/Catalyst IQ Website/apps/backend/vendor/laravel/framework/src/Illuminate/Container/Container.php(763): Illuminate\\Foundation\\Application->resolve('encrypter', Array)
#8 /Users/meshach/Code/Catalyst-Internal/Catalyst IQ Website/apps/backend/vendor/laravel/framework/src/Illuminate/Foundation/Application.php(1058): Illuminate\\Container\\Container->make('encrypter', Array)
#9 /Users/meshach/Code/Catalyst-Internal/Catalyst IQ Website/apps/backend/vendor/laravel/framework/src/Illuminate/Container/Container.php(1133): Illuminate\\Foundation\\Application->make('encrypter')
#10 /Users/meshach/Code/Catalyst-Internal/Catalyst IQ Website/apps/backend/vendor/laravel/framework/src/Illuminate/Container/Container.php(1043): Illuminate\\Container\\Container->resolveClass(Object(ReflectionParameter))
#11 /Users/meshach/Code/Catalyst-Internal/Catalyst IQ Website/apps/backend/vendor/laravel/framework/src/Illuminate/Container/Container.php(994): Illuminate\\Container\\Container->resolveDependencies(Array)
#12 /Users/meshach/Code/Catalyst-Internal/Catalyst IQ Website/apps/backend/vendor/laravel/framework/src/Illuminate/Container/Container.php(832): Illuminate\\Container\\Container->build('Illuminate\\\\Cook...')
#13 /Users/meshach/Code/Catalyst-Internal/Catalyst IQ Website/apps/backend/vendor/laravel/framework/src/Illuminate/Foundation/Application.php(1078): Illuminate\\Container\\Container->resolve('Illuminate\\\\Cook...', Array, true)
#14 /Users/meshach/Code/Catalyst-Internal/Catalyst IQ Website/apps/backend/vendor/laravel/framework/src/Illuminate/Container/Container.php(763): Illuminate\\Foundation\\Application->resolve('Illuminate\\\\Cook...', Array)
#15 /Users/meshach/Code/Catalyst-Internal/Catalyst IQ Website/apps/backend/vendor/laravel/framework/src/Illuminate/Foundation/Application.php(1058): Illuminate\\Container\\Container->make('Illuminate\\\\Cook...', Array)
#16 /Users/meshach/Code/Catalyst-Internal/Catalyst IQ Website/apps/backend/vendor/laravel/framework/src/Illuminate/Foundation/Http/Kernel.php(258): Illuminate\\Foundation\\Application->make('Illuminate\\\\Cook...')
#17 /Users/meshach/Code/Catalyst-Internal/Catalyst IQ Website/apps/backend/vendor/laravel/framework/src/Illuminate/Foundation/Http/Kernel.php(216): Illuminate\\Foundation\\Http\\Kernel->terminateMiddleware(Object(Illuminate\\Http\\Request), Object(Illuminate\\Http\\Response))
#18 /Users/meshach/Code/Catalyst-Internal/Catalyst IQ Website/apps/backend/vendor/laravel/framework/src/Illuminate/Foundation/Application.php(1222): Illuminate\\Foundation\\Http\\Kernel->terminate(Object(Illuminate\\Http\\Request), Object(Illuminate\\Http\\Response))
#19 /Users/meshach/Code/Catalyst-Internal/Catalyst IQ Website/apps/backend/public/index.php(20): Illuminate\\Foundation\\Application->handleRequest(Object(Illuminate\\Http\\Request))
#20 /Users/meshach/Code/Catalyst-Internal/Catalyst IQ Website/apps/backend/vendor/laravel/framework/src/Illuminate/Foundation/resources/server.php(23): require_once('/Users/meshach/...')
#21 {main}
"} 
[2026-05-16 21:50:46] local.ERROR: Statamic Pro is required for multiple users. {"userId":2,"exception":"[object] (Statamic\\Exceptions\\StatamicProRequiredException(code: 0): Statamic Pro is required for multiple users. at /Users/meshach/Code/Catalyst-Internal/Catalyst IQ Website/apps/backend/vendor/statamic/cms/src/Http/Middleware/CP/CountUsers.php:15)
[stacktrace]
#0 /Users/meshach/Code/Catalyst-Internal/Catalyst IQ Website/apps/backend/vendor/laravel/framework/src/Illuminate/Pipeline/Pipeline.php(209): Statamic\\Http\\Middleware\\CP\\CountUsers->handle(Object(Illuminate\\Http\\Request), Object(Closure))
#1 /Users/meshach/Code/Catalyst-Internal/Catalyst IQ Website/apps/backend/vendor/statamic/cms/src/Http/Middleware/CP/BootUtilities.php(14): Illuminate\\Pipeline\\Pipeline->{closure:{closure:Illuminate\\Pipeline\\Pipeline::carry():184}:185}(Object(Illuminate\\Http\\Request))
#2 /Users/meshach/Code/Catalyst-Internal/Catalyst IQ Website/apps/backend/vendor/laravel/framework/src/Illuminate/Pipeline/Pipeline.php(209): Statamic\\Http\\Middleware\\CP\\BootUtilities->handle(Object(Illuminate\\Http\\Request), Object(Closure))
#3 /Users/meshach/Code/Catalyst-Internal/Catalyst IQ Website/apps/backend/vendor/statamic/cms/src/Http/Middleware/CP/BootPreferences.php(14): Illuminate\\Pipeline\\Pipeline->{closure:{closure:Illuminate\\Pipeline\\Pipeline::carry():184}:185}(Object(Illuminate\\Http\\Request))
#4 /Users/meshach/Code/Catalyst-Internal/Catalyst IQ Website/apps/backend/vendor/laravel/framework/src/Illuminate/Pipeline/Pipeline.php(209): Statamic\\Http\\Middleware\\CP\\BootPreferences->handle(Object(Illuminate\\Http\\Request), Object(Closure))
#5 /Users/meshach/Code/Catalyst-Internal/Catalyst IQ Website/apps/backend/vendor/statamic/cms/src/Http/Middleware/CP/BootPermissions.php(14): Illuminate\\Pipeline\\Pipeline->{closure:{closure:Illuminate\\Pipeline\\Pipeline::carry():184}:185}(Object(Illuminate\\Http\\Request))
#6 /Users/meshach/Code/Catalyst-Internal/Catalyst IQ Website/apps/backend/vendor/laravel/framework/src/Illuminate/Pipeline/Pipeline.php(209): Statamic\\Http\\Middleware\\CP\\BootPermissions->handle(Object(Illuminate\\Http\\Request), Object(Closure))
#7 /Users/meshach/Code/Catalyst-Internal/Catalyst IQ Website/apps/backend/vendor/statamic/cms/src/Http/Middleware/CP/SelectedSite.php(17): Illuminate\\Pipeline\\Pipeline->{closure:{closure:Illuminate\\Pipeline\\Pipeline::carry():184}:185}(Object(Illuminate\\Http\\Request))
#8 /Users/meshach/Code/Catalyst-Internal/Catalyst IQ Website/apps/backend/vendor/laravel/framework/src/Illuminate/Pipeline/Pipeline.php(209): Statamic\\Http\\Middleware\\CP\\SelectedSite->handle(Object(Illuminate\\Http\\Request), Object(Closure))
#9 /Users/meshach/Code/Catalyst-Internal/Catalyst IQ Website/apps/backend/vendor/statamic/cms/src/Http/Middleware/CP/Localize.php(19): Illuminate\\Pipeline\\Pipeline->{closure:{closure:Illuminate\\Pipeline\\Pipeline::carry():184}:185}(Object(Illuminate\\Http\\Request))
#10 /Users/meshach/Code/Catalyst-Internal/Catalyst IQ Website/apps/backend/vendor/laravel/framework/src/Illuminate/Pipeline/Pipeline.php(209): Statamic\\Http\\Middleware\\CP\\Localize->handle(Object(Illuminate\\Http\\Request), Object(Closure))
#11 /Users/meshach/Code/Catalyst-Internal/Catalyst IQ Website/apps/backend/vendor/statamic/cms/src/Http/Middleware/CP/Authorize.php(25): Illuminate\\Pipeline\\Pipeline->{closure:{closure:Illuminate\\Pipeline\\Pipeline::carry():184}:185}(Object(Illuminate\\Http\\Request))
#12 /Users/meshach/Code/Catalyst-Internal/Catalyst IQ Website/apps/backend/vendor/laravel/framework/src/Illuminate/Pipeline/Pipeline.php(209): Statamic\\Http\\Middleware\\CP\\Authorize->handle(Object(Illuminate\\Http\\Request), Object(Closure))
#13 /Users/meshach/Code/Catalyst-Internal/Catalyst IQ Website/apps/backend/vendor/laravel/framework/src/Illuminate/Foundation/Http/Middleware/TransformsRequest.php(21): Illuminate\\Pipeline\\Pipeline->{closure:{closure:Illuminate\\Pipeline\\Pipeline::carry():184}:185}(Object(Illuminate\\Http\\Request))
#14 /Users/meshach/Code/Catalyst-Internal/Catalyst IQ Website/apps/backend/vendor/laravel/framework/src/Illuminate/Pipeline/Pipeline.php(209): Illuminate\\Foundation\\Http\\Middleware\\TransformsRequest->handle(Object(Illuminate\\Http\\Request), Object(Closure))
#15 /Users/meshach/Code/Catalyst-Internal/Catalyst IQ Website/apps/backend/vendor/statamic/cms/src/Http/Middleware/CP/AddToasts.php(22): Illuminate\\Pipeline\\Pipeline->{closure:{closure:Illuminate\\Pipeline\\Pipeline::carry():184}:185}(Object(Illuminate\\Http\\Request))
#16 /Users/meshach/Code/Catalyst-Internal/Catalyst IQ Website/apps/backend/vendor/laravel/framework/src/Illuminate/Pipeline/Pipeline.php(209): Statamic\\Http\\Middleware\\CP\\AddToasts->handle(Object(Illuminate\\Http\\Request), Object(Closure))
#17 /Users/meshach/Code/Catalyst-Internal/Catalyst IQ Website/apps/backend/vendor/statamic/cms/src/Http/Middleware/CP/AuthGuard.php(14): Illuminate\\Pipeline\\Pipeline->{closure:{closure:Illuminate\\Pipeline\\Pipeline::carry():184}:185}(Object(Illuminate\\Http\\Request))
#18 /Users/meshach/Code/Catalyst-Internal/Catalyst IQ Website/apps/backend/vendor/laravel/framework/src/Illuminate/Pipeline/Pipeline.php(209): Statamic\\Http\\Middleware\\CP\\AuthGuard->handle(Object(Illuminate\\Http\\Request), Object(Closure))
#19 /Users/meshach/Code/Catalyst-Internal/Catalyst IQ Website/apps/backend/vendor/statamic/cms/src/Http/Middleware/CP/ContactOutpost.php(21): Illuminate\\Pipeline\\Pipeline->{closure:{closure:Illuminate\\Pipeline\\Pipeline::carry():184}:185}(Object(Illuminate\\Http\\Request))
#20 /Users/meshach/Code/Catalyst-Internal/Catalyst IQ Website/apps/backend/vendor/laravel/framework/src/Illuminate/Pipeline/Pipeline.php(209): Statamic\\Http\\Middleware\\CP\\ContactOutpost->handle(Object(Illuminate\\Http\\Request), Object(Closure))
#21 /Users/meshach/Code/Catalyst-Internal/Catalyst IQ Website/apps/backend/vendor/laravel/framework/src/Illuminate/Routing/Middleware/SubstituteBindings.php(51): Illuminate\\Pipeline\\Pipeline->{closure:{closure:Illuminate\\Pipeline\\Pipeline::carry():184}:185}(Object(Illuminate\\Http\\Request))
#22 /Users/meshach/Code/Catalyst-Internal/Catalyst IQ Website/apps/backend/vendor/laravel/framework/src/Illuminate/Pipeline/Pipeline.php(209): Illuminate\\Routing\\Middleware\\SubstituteBindings->handle(Object(Illuminate\\Http\\Request), Object(Closure))
#23 /Users/meshach/Code/Catalyst-Internal/Catalyst IQ Website/apps/backend/vendor/laravel/framework/src/Illuminate/Session/Middleware/AuthenticateSession.php(67): Illuminate\\Pipeline\\Pipeline->{closure:{closure:Illuminate\\Pipeline\\Pipeline::carry():184}:185}(Object(Illuminate\\Http\\Request))
#24 /Users/meshach/Code/Catalyst-Internal/Catalyst IQ Website/apps/backend/vendor/laravel/framework/src/Illuminate/Pipeline/Pipeline.php(209): Illuminate\\Session\\Middleware\\AuthenticateSession->handle(Object(Illuminate\\Http\\Request), Object(Closure))
#25 /Users/meshach/Code/Catalyst-Internal/Catalyst IQ Website/apps/backend/vendor/laravel/framework/src/Illuminate/Foundation/Http/Middleware/VerifyCsrfToken.php(88): Illuminate\\Pipeline\\Pipeline->{closure:{closure:Illuminate\\Pipeline\\Pipeline::carry():184}:185}(Object(Illuminate\\Http\\Request))
#26 /Users/meshach/Code/Catalyst-Internal/Catalyst IQ Website/apps/backend/vendor/laravel/framework/src/Illuminate/Pipeline/Pipeline.php(209): Illuminate\\Foundation\\Http\\Middleware\\VerifyCsrfToken->handle(Object(Illuminate\\Http\\Request), Object(Closure))
#27 /Users/meshach/Code/Catalyst-Internal/Catalyst IQ Website/apps/backend/vendor/laravel/framework/src/Illuminate/View/Middleware/ShareErrorsFromSession.php(49): Illuminate\\Pipeline\\Pipeline->{closure:{closure:Illuminate\\Pipeline\\Pipeline::carry():184}:185}(Object(Illuminate\\Http\\Request))
#28 /Users/meshach/Code/Catalyst-Internal/Catalyst IQ Website/apps/backend/vendor/laravel/framework/src/Illuminate/Pipeline/Pipeline.php(209): Illuminate\\View\\Middleware\\ShareErrorsFromSession->handle(Object(Illuminate\\Http\\Request), Object(Closure))
#29 /Users/meshach/Code/Catalyst-Internal/Catalyst IQ Website/apps/backend/vendor/laravel/framework/src/Illuminate/Session/Middleware/StartSession.php(121): Illuminate\\Pipeline\\Pipeline->{closure:{closure:Illuminate\\Pipeline\\Pipeline::carry():184}:185}(Object(Illuminate\\Http\\Request))
#30 /Users/meshach/Code/Catalyst-Internal/Catalyst IQ Website/apps/backend/vendor/laravel/framework/src/Illuminate/Session/Middleware/StartSession.php(64): Illuminate\\Session\\Middleware\\StartSession->handleStatefulRequest(Object(Illuminate\\Http\\Request), Object(Illuminate\\Session\\Store), Object(Closure))
#31 /Users/meshach/Code/Catalyst-Internal/Catalyst IQ Website/apps/backend/vendor/laravel/framework/src/Illuminate/Pipeline/Pipeline.php(209): Illuminate\\Session\\Middleware\\StartSession->handle(Object(Illuminate\\Http\\Request), Object(Closure))
#32 /Users/meshach/Code/Catalyst-Internal/Catalyst IQ Website/apps/backend/vendor/laravel/framework/src/Illuminate/Cookie/Middleware/AddQueuedCookiesToResponse.php(37): Illuminate\\Pipeline\\Pipeline->{closure:{closure:Illuminate\\Pipeline\\Pipeline::carry():184}:185}(Object(Illuminate\\Http\\Request))
#33 /Users/meshach/Code/Catalyst-Internal/Catalyst IQ Website/apps/backend/vendor/laravel/framework/src/Illuminate/Pipeline/Pipeline.php(209): Illuminate\\Cookie\\Middleware\\AddQueuedCookiesToResponse->handle(Object(Illuminate\\Http\\Request), Object(Closure))
#34 /Users/meshach/Code/Catalyst-Internal/Catalyst IQ Website/apps/backend/vendor/laravel/framework/src/Illuminate/Cookie/Middleware/EncryptCookies.php(75): Illuminate\\Pipeline\\Pipeline->{closure:{closure:Illuminate\\Pipeline\\Pipeline::carry():184}:185}(Object(Illuminate\\Http\\Request))
#35 /Users/meshach/Code/Catalyst-Internal/Catalyst IQ Website/apps/backend/vendor/laravel/framework/src/Illuminate/Pipeline/Pipeline.php(209): Illuminate\\Cookie\\Middleware\\EncryptCookies->handle(Object(Illuminate\\Http\\Request), Object(Closure))
#36 /Users/meshach/Code/Catalyst-Internal/Catalyst IQ Website/apps/backend/vendor/statamic/cms/src/Http/Middleware/SwapExceptionHandler.php(19): Illuminate\\Pipeline\\Pipeline->{closure:{closure:Illuminate\\Pipeline\\Pipeline::carry():184}:185}(Object(Illuminate\\Http\\Request))
#37 /Users/meshach/Code/Catalyst-Internal/Catalyst IQ Website/apps/backend/vendor/laravel/framework/src/Illuminate/Pipeline/Pipeline.php(209): Statamic\\Http\\Middleware\\SwapExceptionHandler->handle(Object(Illuminate\\Http\\Request), Object(Closure))
#38 /Users/meshach/Code/Catalyst-Internal/Catalyst IQ Website/apps/backend/vendor/laravel/framework/src/Illuminate/Pipeline/Pipeline.php(127): Illuminate\\Pipeline\\Pipeline->{closure:{closure:Illuminate\\Pipeline\\Pipeline::carry():184}:185}(Object(Illuminate\\Http\\Request))
#39 /Users/meshach/Code/Catalyst-Internal/Catalyst IQ Website/apps/backend/vendor/laravel/framework/src/Illuminate/Routing/Router.php(807): Illuminate\\Pipeline\\Pipeline->then(Object(Closure))
#40 /Users/meshach/Code/Catalyst-Internal/Catalyst IQ Website/apps/backend/vendor/laravel/framework/src/Illuminate/Routing/Router.php(786): Illuminate\\Routing\\Router->runRouteWithinStack(Object(Illuminate\\Routing\\Route), Object(Illuminate\\Http\\Request))
#41 /Users/meshach/Code/Catalyst-Internal/Catalyst IQ Website/apps/backend/vendor/laravel/framework/src/Illuminate/Routing/Router.php(750): Illuminate\\Routing\\Router->runRoute(Object(Illuminate\\Http\\Request), Object(Illuminate\\Routing\\Route))
#42 /Users/meshach/Code/Catalyst-Internal/Catalyst IQ Website/apps/backend/vendor/laravel/framework/src/Illuminate/Routing/Router.php(739): Illuminate\\Routing\\Router->dispatchToRoute(Object(Illuminate\\Http\\Request))
#43 /Users/meshach/Code/Catalyst-Internal/Catalyst IQ Website/apps/backend/vendor/laravel/framework/src/Illuminate/Foundation/Http/Kernel.php(201): Illuminate\\Routing\\Router->dispatch(Object(Illuminate\\Http\\Request))
#44 /Users/meshach/Code/Catalyst-Internal/Catalyst IQ Website/apps/backend/vendor/laravel/framework/src/Illuminate/Pipeline/Pipeline.php(170): Illuminate\\Foundation\\Http\\Kernel->{closure:Illuminate\\Foundation\\Http\\Kernel::dispatchToRouter():198}(Object(Illuminate\\Http\\Request))
#45 /Users/meshach/Code/Catalyst-Internal/Catalyst IQ Website/apps/backend/vendor/statamic/cms/src/Http/Middleware/StopImpersonating.php(12): Illuminate\\Pipeline\\Pipeline->{closure:Illuminate\\Pipeline\\Pipeline::prepareDestination():168}(Object(Illuminate\\Http\\Request))
#46 /Users/meshach/Code/Catalyst-Internal/Catalyst IQ Website/apps/backend/vendor/laravel/framework/src/Illuminate/Pipeline/Pipeline.php(209): Statamic\\Http\\Middleware\\StopImpersonating->handle(Object(Illuminate\\Http\\Request), Object(Closure))
#47 /Users/meshach/Code/Catalyst-Internal/Catalyst IQ Website/apps/backend/vendor/statamic/cms/src/Http/Middleware/DisableFloc.php(17): Illuminate\\Pipeline\\Pipeline->{closure:{closure:Illuminate\\Pipeline\\Pipeline::carry():184}:185}(Object(Illuminate\\Http\\Request))
#48 /Users/meshach/Code/Catalyst-Internal/Catalyst IQ Website/apps/backend/vendor/laravel/framework/src/Illuminate/Pipeline/Pipeline.php(209): Statamic\\Http\\Middleware\\DisableFloc->handle(Object(Illuminate\\Http\\Request), Object(Closure))
#49 /Users/meshach/Code/Catalyst-Internal/Catalyst IQ Website/apps/backend/vendor/statamic/cms/src/Http/Middleware/CheckMultisite.php(15): Illuminate\\Pipeline\\Pipeline->{closure:{closure:Illuminate\\Pipeline\\Pipeline::carry():184}:185}(Object(Illuminate\\Http\\Request))
#50 /Users/meshach/Code/Catalyst-Internal/Catalyst IQ Website/apps/backend/vendor/laravel/framework/src/Illuminate/Pipeline/Pipeline.php(209): Statamic\\Http\\Middleware\\CheckMultisite->handle(Object(Illuminate\\Http\\Request), Object(Closure))
#51 /Users/meshach/Code/Catalyst-Internal/Catalyst IQ Website/apps/backend/vendor/statamic/cms/src/Http/Middleware/CheckComposerJsonScripts.php(21): Illuminate\\Pipeline\\Pipeline->{closure:{closure:Illuminate\\Pipeline\\Pipeline::carry():184}:185}(Object(Illuminate\\Http\\Request))
#52 /Users/meshach/Code/Catalyst-Internal/Catalyst IQ Website/apps/backend/vendor/laravel/framework/src/Illuminate/Pipeline/Pipeline.php(209): Statamic\\Http\\Middleware\\CheckComposerJsonScripts->handle(Object(Illuminate\\Http\\Request), Object(Closure))
#53 /Users/meshach/Code/Catalyst-Internal/Catalyst IQ Website/apps/backend/vendor/statamic/cms/src/Http/Middleware/PoweredByHeader.php(18): Illuminate\\Pipeline\\Pipeline->{closure:{closure:Illuminate\\Pipeline\\Pipeline::carry():184}:185}(Object(Illuminate\\Http\\Request))
#54 /Users/meshach/Code/Catalyst-Internal/Catalyst IQ Website/apps/backend/vendor/laravel/framework/src/Illuminate/Pipeline/Pipeline.php(209): Statamic\\Http\\Middleware\\PoweredByHeader->handle(Object(Illuminate\\Http\\Request), Object(Closure))
#55 /Users/meshach/Code/Catalyst-Internal/Catalyst IQ Website/apps/backend/vendor/livewire/livewire/src/Features/SupportDisablingBackButtonCache/DisableBackButtonCacheMiddleware.php(19): Illuminate\\Pipeline\\Pipeline->{closure:{closure:Illuminate\\Pipeline\\Pipeline::carry():184}:185}(Object(Illuminate\\Http\\Request))
#56 /Users/meshach/Code/Catalyst-Internal/Catalyst IQ Website/apps/backend/vendor/laravel/framework/src/Illuminate/Pipeline/Pipeline.php(209): Livewire\\Features\\SupportDisablingBackButtonCache\\DisableBackButtonCacheMiddleware->handle(Object(Illuminate\\Http\\Request), Object(Closure))
#57 /Users/meshach/Code/Catalyst-Internal/Catalyst IQ Website/apps/backend/vendor/laravel/framework/src/Illuminate/Foundation/Http/Middleware/TransformsRequest.php(21): Illuminate\\Pipeline\\Pipeline->{closure:{closure:Illuminate\\Pipeline\\Pipeline::carry():184}:185}(Object(Illuminate\\Http\\Request))
#58 /Users/meshach/Code/Catalyst-Internal/Catalyst IQ Website/apps/backend/vendor/laravel/framework/src/Illuminate/Foundation/Http/Middleware/ConvertEmptyStringsToNull.php(31): Illuminate\\Foundation\\Http\\Middleware\\TransformsRequest->handle(Object(Illuminate\\Http\\Request), Object(Closure))
#59 /Users/meshach/Code/Catalyst-Internal/Catalyst IQ Website/apps/backend/vendor/laravel/framework/src/Illuminate/Pipeline/Pipeline.php(209): Illuminate\\Foundation\\Http\\Middleware\\ConvertEmptyStringsToNull->handle(Object(Illuminate\\Http\\Request), Object(Closure))
#60 /Users/meshach/Code/Catalyst-Internal/Catalyst IQ Website/apps/backend/vendor/laravel/framework/src/Illuminate/Foundation/Http/Middleware/TransformsRequest.php(21): Illuminate\\Pipeline\\Pipeline->{closure:{closure:Illuminate\\Pipeline\\Pipeline::carry():184}:185}(Object(Illuminate\\Http\\Request))
#61 /Users/meshach/Code/Catalyst-Internal/Catalyst IQ Website/apps/backend/vendor/laravel/framework/src/Illuminate/Foundation/Http/Middleware/TrimStrings.php(51): Illuminate\\Foundation\\Http\\Middleware\\TransformsRequest->handle(Object(Illuminate\\Http\\Request), Object(Closure))
#62 /Users/meshach/Code/Catalyst-Internal/Catalyst IQ Website/apps/backend/vendor/laravel/framework/src/Illuminate/Pipeline/Pipeline.php(209): Illuminate\\Foundation\\Http\\Middleware\\TrimStrings->handle(Object(Illuminate\\Http\\Request), Object(Closure))
#63 /Users/meshach/Code/Catalyst-Internal/Catalyst IQ Website/apps/backend/vendor/laravel/framework/src/Illuminate/Http/Middleware/ValidatePostSize.php(27): Illuminate\\Pipeline\\Pipeline->{closure:{closure:Illuminate\\Pipeline\\Pipeline::carry():184}:185}(Object(Illuminate\\Http\\Request))
#64 /Users/meshach/Code/Catalyst-Internal/Catalyst IQ Website/apps/backend/vendor/laravel/framework/src/Illuminate/Pipeline/Pipeline.php(209): Illuminate\\Http\\Middleware\\ValidatePostSize->handle(Object(Illuminate\\Http\\Request), Object(Closure))
#65 /Users/meshach/Code/Catalyst-Internal/Catalyst IQ Website/apps/backend/vendor/laravel/framework/src/Illuminate/Foundation/Http/Middleware/PreventRequestsDuringMaintenance.php(110): Illuminate\\Pipeline\\Pipeline->{closure:{closure:Illuminate\\Pipeline\\Pipeline::carry():184}:185}(Object(Illuminate\\Http\\Request))
#66 /Users/meshach/Code/Catalyst-Internal/Catalyst IQ Website/apps/backend/vendor/laravel/framework/src/Illuminate/Pipeline/Pipeline.php(209): Illuminate\\Foundation\\Http\\Middleware\\PreventRequestsDuringMaintenance->handle(Object(Illuminate\\Http\\Request), Object(Closure))
#67 /Users/meshach/Code/Catalyst-Internal/Catalyst IQ Website/apps/backend/vendor/laravel/framework/src/Illuminate/Http/Middleware/HandleCors.php(62): Illuminate\\Pipeline\\Pipeline->{closure:{closure:Illuminate\\Pipeline\\Pipeline::carry():184}:185}(Object(Illuminate\\Http\\Request))
#68 /Users/meshach/Code/Catalyst-Internal/Catalyst IQ Website/apps/backend/vendor/laravel/framework/src/Illuminate/Pipeline/Pipeline.php(209): Illuminate\\Http\\Middleware\\HandleCors->handle(Object(Illuminate\\Http\\Request), Object(Closure))
#69 /Users/meshach/Code/Catalyst-Internal/Catalyst IQ Website/apps/backend/vendor/laravel/framework/src/Illuminate/Http/Middleware/TrustProxies.php(58): Illuminate\\Pipeline\\Pipeline->{closure:{closure:Illuminate\\Pipeline\\Pipeline::carry():184}:185}(Object(Illuminate\\Http\\Request))
#70 /Users/meshach/Code/Catalyst-Internal/Catalyst IQ Website/apps/backend/vendor/laravel/framework/src/Illuminate/Pipeline/Pipeline.php(209): Illuminate\\Http\\Middleware\\TrustProxies->handle(Object(Illuminate\\Http\\Request), Object(Closure))
#71 /Users/meshach/Code/Catalyst-Internal/Catalyst IQ Website/apps/backend/vendor/laravel/framework/src/Illuminate/Foundation/Http/Middleware/InvokeDeferredCallbacks.php(22): Illuminate\\Pipeline\\Pipeline->{closure:{closure:Illuminate\\Pipeline\\Pipeline::carry():184}:185}(Object(Illuminate\\Http\\Request))
#72 /Users/meshach/Code/Catalyst-Internal/Catalyst IQ Website/apps/backend/vendor/laravel/framework/src/Illuminate/Pipeline/Pipeline.php(209): Illuminate\\Foundation\\Http\\Middleware\\InvokeDeferredCallbacks->handle(Object(Illuminate\\Http\\Request), Object(Closure))
#73 /Users/meshach/Code/Catalyst-Internal/Catalyst IQ Website/apps/backend/vendor/laravel/framework/src/Illuminate/Pipeline/Pipeline.php(127): Illuminate\\Pipeline\\Pipeline->{closure:{closure:Illuminate\\Pipeline\\Pipeline::carry():184}:185}(Object(Illuminate\\Http\\Request))
#74 /Users/meshach/Code/Catalyst-Internal/Catalyst IQ Website/apps/backend/vendor/laravel/framework/src/Illuminate/Foundation/Http/Kernel.php(176): Illuminate\\Pipeline\\Pipeline->then(Object(Closure))
#75 /Users/meshach/Code/Catalyst-Internal/Catalyst IQ Website/apps/backend/vendor/laravel/framework/src/Illuminate/Foundation/Http/Kernel.php(145): Illuminate\\Foundation\\Http\\Kernel->sendRequestThroughRouter(Object(Illuminate\\Http\\Request))
#76 /Users/meshach/Code/Catalyst-Internal/Catalyst IQ Website/apps/backend/vendor/laravel/framework/src/Illuminate/Foundation/Application.php(1220): Illuminate\\Foundation\\Http\\Kernel->handle(Object(Illuminate\\Http\\Request))
#77 /Users/meshach/Code/Catalyst-Internal/Catalyst IQ Website/apps/backend/public/index.php(20): Illuminate\\Foundation\\Application->handleRequest(Object(Illuminate\\Http\\Request))
#78 /Users/meshach/Code/Catalyst-Internal/Catalyst IQ Website/apps/backend/vendor/laravel/framework/src/Illuminate/Foundation/resources/server.php(23): require_once('/Users/meshach/...')
#79 {main}
"} 
[2026-05-16 21:50:47] local.ERROR: Statamic Pro is required for multiple users. {"userId":2,"exception":"[object] (Statamic\\Exceptions\\StatamicProRequiredException(code: 0): Statamic Pro is required for multiple users. at /Users/meshach/Code/Catalyst-Internal/Catalyst IQ Website/apps/backend/vendor/statamic/cms/src/Http/Middleware/CP/CountUsers.php:15)
[stacktrace]
#0 /Users/meshach/Code/Catalyst-Internal/Catalyst IQ Website/apps/backend/vendor/laravel/framework/src/Illuminate/Pipeline/Pipeline.php(209): Statamic\\Http\\Middleware\\CP\\CountUsers->handle(Object(Illuminate\\Http\\Request), Object(Closure))
#1 /Users/meshach/Code/Catalyst-Internal/Catalyst IQ Website/apps/backend/vendor/statamic/cms/src/Http/Middleware/CP/BootUtilities.php(14): Illuminate\\Pipeline\\Pipeline->{closure:{closure:Illuminate\\Pipeline\\Pipeline::carry():184}:185}(Object(Illuminate\\Http\\Request))
#2 /Users/meshach/Code/Catalyst-Internal/Catalyst IQ Website/apps/backend/vendor/laravel/framework/src/Illuminate/Pipeline/Pipeline.php(209): Statamic\\Http\\Middleware\\CP\\BootUtilities->handle(Object(Illuminate\\Http\\Request), Object(Closure))
#3 /Users/meshach/Code/Catalyst-Internal/Catalyst IQ Website/apps/backend/vendor/statamic/cms/src/Http/Middleware/CP/BootPreferences.php(14): Illuminate\\Pipeline\\Pipeline->{closure:{closure:Illuminate\\Pipeline\\Pipeline::carry():184}:185}(Object(Illuminate\\Http\\Request))
#4 /Users/meshach/Code/Catalyst-Internal/Catalyst IQ Website/apps/backend/vendor/laravel/framework/src/Illuminate/Pipeline/Pipeline.php(209): Statamic\\Http\\Middleware\\CP\\BootPreferences->handle(Object(Illuminate\\Http\\Request), Object(Closure))
#5 /Users/meshach/Code/Catalyst-Internal/Catalyst IQ Website/apps/backend/vendor/statamic/cms/src/Http/Middleware/CP/BootPermissions.php(14): Illuminate\\Pipeline\\Pipeline->{closure:{closure:Illuminate\\Pipeline\\Pipeline::carry():184}:185}(Object(Illuminate\\Http\\Request))
#6 /Users/meshach/Code/Catalyst-Internal/Catalyst IQ Website/apps/backend/vendor/laravel/framework/src/Illuminate/Pipeline/Pipeline.php(209): Statamic\\Http\\Middleware\\CP\\BootPermissions->handle(Object(Illuminate\\Http\\Request), Object(Closure))
#7 /Users/meshach/Code/Catalyst-Internal/Catalyst IQ Website/apps/backend/vendor/statamic/cms/src/Http/Middleware/CP/SelectedSite.php(17): Illuminate\\Pipeline\\Pipeline->{closure:{closure:Illuminate\\Pipeline\\Pipeline::carry():184}:185}(Object(Illuminate\\Http\\Request))
#8 /Users/meshach/Code/Catalyst-Internal/Catalyst IQ Website/apps/backend/vendor/laravel/framework/src/Illuminate/Pipeline/Pipeline.php(209): Statamic\\Http\\Middleware\\CP\\SelectedSite->handle(Object(Illuminate\\Http\\Request), Object(Closure))
#9 /Users/meshach/Code/Catalyst-Internal/Catalyst IQ Website/apps/backend/vendor/statamic/cms/src/Http/Middleware/CP/Localize.php(19): Illuminate\\Pipeline\\Pipeline->{closure:{closure:Illuminate\\Pipeline\\Pipeline::carry():184}:185}(Object(Illuminate\\Http\\Request))
#10 /Users/meshach/Code/Catalyst-Internal/Catalyst IQ Website/apps/backend/vendor/laravel/framework/src/Illuminate/Pipeline/Pipeline.php(209): Statamic\\Http\\Middleware\\CP\\Localize->handle(Object(Illuminate\\Http\\Request), Object(Closure))
#11 /Users/meshach/Code/Catalyst-Internal/Catalyst IQ Website/apps/backend/vendor/statamic/cms/src/Http/Middleware/CP/Authorize.php(25): Illuminate\\Pipeline\\Pipeline->{closure:{closure:Illuminate\\Pipeline\\Pipeline::carry():184}:185}(Object(Illuminate\\Http\\Request))
#12 /Users/meshach/Code/Catalyst-Internal/Catalyst IQ Website/apps/backend/vendor/laravel/framework/src/Illuminate/Pipeline/Pipeline.php(209): Statamic\\Http\\Middleware\\CP\\Authorize->handle(Object(Illuminate\\Http\\Request), Object(Closure))
#13 /Users/meshach/Code/Catalyst-Internal/Catalyst IQ Website/apps/backend/vendor/laravel/framework/src/Illuminate/Foundation/Http/Middleware/TransformsRequest.php(21): Illuminate\\Pipeline\\Pipeline->{closure:{closure:Illuminate\\Pipeline\\Pipeline::carry():184}:185}(Object(Illuminate\\Http\\Request))
#14 /Users/meshach/Code/Catalyst-Internal/Catalyst IQ Website/apps/backend/vendor/laravel/framework/src/Illuminate/Pipeline/Pipeline.php(209): Illuminate\\Foundation\\Http\\Middleware\\TransformsRequest->handle(Object(Illuminate\\Http\\Request), Object(Closure))
#15 /Users/meshach/Code/Catalyst-Internal/Catalyst IQ Website/apps/backend/vendor/statamic/cms/src/Http/Middleware/CP/AddToasts.php(22): Illuminate\\Pipeline\\Pipeline->{closure:{closure:Illuminate\\Pipeline\\Pipeline::carry():184}:185}(Object(Illuminate\\Http\\Request))
#16 /Users/meshach/Code/Catalyst-Internal/Catalyst IQ Website/apps/backend/vendor/laravel/framework/src/Illuminate/Pipeline/Pipeline.php(209): Statamic\\Http\\Middleware\\CP\\AddToasts->handle(Object(Illuminate\\Http\\Request), Object(Closure))
#17 /Users/meshach/Code/Catalyst-Internal/Catalyst IQ Website/apps/backend/vendor/statamic/cms/src/Http/Middleware/CP/AuthGuard.php(14): Illuminate\\Pipeline\\Pipeline->{closure:{closure:Illuminate\\Pipeline\\Pipeline::carry():184}:185}(Object(Illuminate\\Http\\Request))
#18 /Users/meshach/Code/Catalyst-Internal/Catalyst IQ Website/apps/backend/vendor/laravel/framework/src/Illuminate/Pipeline/Pipeline.php(209): Statamic\\Http\\Middleware\\CP\\AuthGuard->handle(Object(Illuminate\\Http\\Request), Object(Closure))
#19 /Users/meshach/Code/Catalyst-Internal/Catalyst IQ Website/apps/backend/vendor/statamic/cms/src/Http/Middleware/CP/ContactOutpost.php(21): Illuminate\\Pipeline\\Pipeline->{closure:{closure:Illuminate\\Pipeline\\Pipeline::carry():184}:185}(Object(Illuminate\\Http\\Request))
#20 /Users/meshach/Code/Catalyst-Internal/Catalyst IQ Website/apps/backend/vendor/laravel/framework/src/Illuminate/Pipeline/Pipeline.php(209): Statamic\\Http\\Middleware\\CP\\ContactOutpost->handle(Object(Illuminate\\Http\\Request), Object(Closure))
#21 /Users/meshach/Code/Catalyst-Internal/Catalyst IQ Website/apps/backend/vendor/laravel/framework/src/Illuminate/Routing/Middleware/SubstituteBindings.php(51): Illuminate\\Pipeline\\Pipeline->{closure:{closure:Illuminate\\Pipeline\\Pipeline::carry():184}:185}(Object(Illuminate\\Http\\Request))
#22 /Users/meshach/Code/Catalyst-Internal/Catalyst IQ Website/apps/backend/vendor/laravel/framework/src/Illuminate/Pipeline/Pipeline.php(209): Illuminate\\Routing\\Middleware\\SubstituteBindings->handle(Object(Illuminate\\Http\\Request), Object(Closure))
#23 /Users/meshach/Code/Catalyst-Internal/Catalyst IQ Website/apps/backend/vendor/laravel/framework/src/Illuminate/Session/Middleware/AuthenticateSession.php(67): Illuminate\\Pipeline\\Pipeline->{closure:{closure:Illuminate\\Pipeline\\Pipeline::carry():184}:185}(Object(Illuminate\\Http\\Request))
#24 /Users/meshach/Code/Catalyst-Internal/Catalyst IQ Website/apps/backend/vendor/laravel/framework/src/Illuminate/Pipeline/Pipeline.php(209): Illuminate\\Session\\Middleware\\AuthenticateSession->handle(Object(Illuminate\\Http\\Request), Object(Closure))
#25 /Users/meshach/Code/Catalyst-Internal/Catalyst IQ Website/apps/backend/vendor/laravel/framework/src/Illuminate/Foundation/Http/Middleware/VerifyCsrfToken.php(88): Illuminate\\Pipeline\\Pipeline->{closure:{closure:Illuminate\\Pipeline\\Pipeline::carry():184}:185}(Object(Illuminate\\Http\\Request))
#26 /Users/meshach/Code/Catalyst-Internal/Catalyst IQ Website/apps/backend/vendor/laravel/framework/src/Illuminate/Pipeline/Pipeline.php(209): Illuminate\\Foundation\\Http\\Middleware\\VerifyCsrfToken->handle(Object(Illuminate\\Http\\Request), Object(Closure))
#27 /Users/meshach/Code/Catalyst-Internal/Catalyst IQ Website/apps/backend/vendor/laravel/framework/src/Illuminate/View/Middleware/ShareErrorsFromSession.php(49): Illuminate\\Pipeline\\Pipeline->{closure:{closure:Illuminate\\Pipeline\\Pipeline::carry():184}:185}(Object(Illuminate\\Http\\Request))
#28 /Users/meshach/Code/Catalyst-Internal/Catalyst IQ Website/apps/backend/vendor/laravel/framework/src/Illuminate/Pipeline/Pipeline.php(209): Illuminate\\View\\Middleware\\ShareErrorsFromSession->handle(Object(Illuminate\\Http\\Request), Object(Closure))
#29 /Users/meshach/Code/Catalyst-Internal/Catalyst IQ Website/apps/backend/vendor/laravel/framework/src/Illuminate/Session/Middleware/StartSession.php(121): Illuminate\\Pipeline\\Pipeline->{closure:{closure:Illuminate\\Pipeline\\Pipeline::carry():184}:185}(Object(Illuminate\\Http\\Request))
#30 /Users/meshach/Code/Catalyst-Internal/Catalyst IQ Website/apps/backend/vendor/laravel/framework/src/Illuminate/Session/Middleware/StartSession.php(64): Illuminate\\Session\\Middleware\\StartSession->handleStatefulRequest(Object(Illuminate\\Http\\Request), Object(Illuminate\\Session\\Store), Object(Closure))
#31 /Users/meshach/Code/Catalyst-Internal/Catalyst IQ Website/apps/backend/vendor/laravel/framework/src/Illuminate/Pipeline/Pipeline.php(209): Illuminate\\Session\\Middleware\\StartSession->handle(Object(Illuminate\\Http\\Request), Object(Closure))
#32 /Users/meshach/Code/Catalyst-Internal/Catalyst IQ Website/apps/backend/vendor/laravel/framework/src/Illuminate/Cookie/Middleware/AddQueuedCookiesToResponse.php(37): Illuminate\\Pipeline\\Pipeline->{closure:{closure:Illuminate\\Pipeline\\Pipeline::carry():184}:185}(Object(Illuminate\\Http\\Request))
#33 /Users/meshach/Code/Catalyst-Internal/Catalyst IQ Website/apps/backend/vendor/laravel/framework/src/Illuminate/Pipeline/Pipeline.php(209): Illuminate\\Cookie\\Middleware\\AddQueuedCookiesToResponse->handle(Object(Illuminate\\Http\\Request), Object(Closure))
#34 /Users/meshach/Code/Catalyst-Internal/Catalyst IQ Website/apps/backend/vendor/laravel/framework/src/Illuminate/Cookie/Middleware/EncryptCookies.php(75): Illuminate\\Pipeline\\Pipeline->{closure:{closure:Illuminate\\Pipeline\\Pipeline::carry():184}:185}(Object(Illuminate\\Http\\Request))
#35 /Users/meshach/Code/Catalyst-Internal/Catalyst IQ Website/apps/backend/vendor/laravel/framework/src/Illuminate/Pipeline/Pipeline.php(209): Illuminate\\Cookie\\Middleware\\EncryptCookies->handle(Object(Illuminate\\Http\\Request), Object(Closure))
#36 /Users/meshach/Code/Catalyst-Internal/Catalyst IQ Website/apps/backend/vendor/statamic/cms/src/Http/Middleware/SwapExceptionHandler.php(19): Illuminate\\Pipeline\\Pipeline->{closure:{closure:Illuminate\\Pipeline\\Pipeline::carry():184}:185}(Object(Illuminate\\Http\\Request))
#37 /Users/meshach/Code/Catalyst-Internal/Catalyst IQ Website/apps/backend/vendor/laravel/framework/src/Illuminate/Pipeline/Pipeline.php(209): Statamic\\Http\\Middleware\\SwapExceptionHandler->handle(Object(Illuminate\\Http\\Request), Object(Closure))
#38 /Users/meshach/Code/Catalyst-Internal/Catalyst IQ Website/apps/backend/vendor/laravel/framework/src/Illuminate/Pipeline/Pipeline.php(127): Illuminate\\Pipeline\\Pipeline->{closure:{closure:Illuminate\\Pipeline\\Pipeline::carry():184}:185}(Object(Illuminate\\Http\\Request))
#39 /Users/meshach/Code/Catalyst-Internal/Catalyst IQ Website/apps/backend/vendor/laravel/framework/src/Illuminate/Routing/Router.php(807): Illuminate\\Pipeline\\Pipeline->then(Object(Closure))
#40 /Users/meshach/Code/Catalyst-Internal/Catalyst IQ Website/apps/backend/vendor/laravel/framework/src/Illuminate/Routing/Router.php(786): Illuminate\\Routing\\Router->runRouteWithinStack(Object(Illuminate\\Routing\\Route), Object(Illuminate\\Http\\Request))
#41 /Users/meshach/Code/Catalyst-Internal/Catalyst IQ Website/apps/backend/vendor/laravel/framework/src/Illuminate/Routing/Router.php(750): Illuminate\\Routing\\Router->runRoute(Object(Illuminate\\Http\\Request), Object(Illuminate\\Routing\\Route))
#42 /Users/meshach/Code/Catalyst-Internal/Catalyst IQ Website/apps/backend/vendor/laravel/framework/src/Illuminate/Routing/Router.php(739): Illuminate\\Routing\\Router->dispatchToRoute(Object(Illuminate\\Http\\Request))
#43 /Users/meshach/Code/Catalyst-Internal/Catalyst IQ Website/apps/backend/vendor/laravel/framework/src/Illuminate/Foundation/Http/Kernel.php(201): Illuminate\\Routing\\Router->dispatch(Object(Illuminate\\Http\\Request))
#44 /Users/meshach/Code/Catalyst-Internal/Catalyst IQ Website/apps/backend/vendor/laravel/framework/src/Illuminate/Pipeline/Pipeline.php(170): Illuminate\\Foundation\\Http\\Kernel->{closure:Illuminate\\Foundation\\Http\\Kernel::dispatchToRouter():198}(Object(Illuminate\\Http\\Request))
#45 /Users/meshach/Code/Catalyst-Internal/Catalyst IQ Website/apps/backend/vendor/statamic/cms/src/Http/Middleware/StopImpersonating.php(12): Illuminate\\Pipeline\\Pipeline->{closure:Illuminate\\Pipeline\\Pipeline::prepareDestination():168}(Object(Illuminate\\Http\\Request))
#46 /Users/meshach/Code/Catalyst-Internal/Catalyst IQ Website/apps/backend/vendor/laravel/framework/src/Illuminate/Pipeline/Pipeline.php(209): Statamic\\Http\\Middleware\\StopImpersonating->handle(Object(Illuminate\\Http\\Request), Object(Closure))
#47 /Users/meshach/Code/Catalyst-Internal/Catalyst IQ Website/apps/backend/vendor/statamic/cms/src/Http/Middleware/DisableFloc.php(17): Illuminate\\Pipeline\\Pipeline->{closure:{closure:Illuminate\\Pipeline\\Pipeline::carry():184}:185}(Object(Illuminate\\Http\\Request))
#48 /Users/meshach/Code/Catalyst-Internal/Catalyst IQ Website/apps/backend/vendor/laravel/framework/src/Illuminate/Pipeline/Pipeline.php(209): Statamic\\Http\\Middleware\\DisableFloc->handle(Object(Illuminate\\Http\\Request), Object(Closure))
#49 /Users/meshach/Code/Catalyst-Internal/Catalyst IQ Website/apps/backend/vendor/statamic/cms/src/Http/Middleware/CheckMultisite.php(15): Illuminate\\Pipeline\\Pipeline->{closure:{closure:Illuminate\\Pipeline\\Pipeline::carry():184}:185}(Object(Illuminate\\Http\\Request))
#50 /Users/meshach/Code/Catalyst-Internal/Catalyst IQ Website/apps/backend/vendor/laravel/framework/src/Illuminate/Pipeline/Pipeline.php(209): Statamic\\Http\\Middleware\\CheckMultisite->handle(Object(Illuminate\\Http\\Request), Object(Closure))
#51 /Users/meshach/Code/Catalyst-Internal/Catalyst IQ Website/apps/backend/vendor/statamic/cms/src/Http/Middleware/CheckComposerJsonScripts.php(21): Illuminate\\Pipeline\\Pipeline->{closure:{closure:Illuminate\\Pipeline\\Pipeline::carry():184}:185}(Object(Illuminate\\Http\\Request))
#52 /Users/meshach/Code/Catalyst-Internal/Catalyst IQ Website/apps/backend/vendor/laravel/framework/src/Illuminate/Pipeline/Pipeline.php(209): Statamic\\Http\\Middleware\\CheckComposerJsonScripts->handle(Object(Illuminate\\Http\\Request), Object(Closure))
#53 /Users/meshach/Code/Catalyst-Internal/Catalyst IQ Website/apps/backend/vendor/statamic/cms/src/Http/Middleware/PoweredByHeader.php(18): Illuminate\\Pipeline\\Pipeline->{closure:{closure:Illuminate\\Pipeline\\Pipeline::carry():184}:185}(Object(Illuminate\\Http\\Request))
#54 /Users/meshach/Code/Catalyst-Internal/Catalyst IQ Website/apps/backend/vendor/laravel/framework/src/Illuminate/Pipeline/Pipeline.php(209): Statamic\\Http\\Middleware\\PoweredByHeader->handle(Object(Illuminate\\Http\\Request), Object(Closure))
#55 /Users/meshach/Code/Catalyst-Internal/Catalyst IQ Website/apps/backend/vendor/livewire/livewire/src/Features/SupportDisablingBackButtonCache/DisableBackButtonCacheMiddleware.php(19): Illuminate\\Pipeline\\Pipeline->{closure:{closure:Illuminate\\Pipeline\\Pipeline::carry():184}:185}(Object(Illuminate\\Http\\Request))
#56 /Users/meshach/Code/Catalyst-Internal/Catalyst IQ Website/apps/backend/vendor/laravel/framework/src/Illuminate/Pipeline/Pipeline.php(209): Livewire\\Features\\SupportDisablingBackButtonCache\\DisableBackButtonCacheMiddleware->handle(Object(Illuminate\\Http\\Request), Object(Closure))
#57 /Users/meshach/Code/Catalyst-Internal/Catalyst IQ Website/apps/backend/vendor/laravel/framework/src/Illuminate/Foundation/Http/Middleware/TransformsRequest.php(21): Illuminate\\Pipeline\\Pipeline->{closure:{closure:Illuminate\\Pipeline\\Pipeline::carry():184}:185}(Object(Illuminate\\Http\\Request))
#58 /Users/meshach/Code/Catalyst-Internal/Catalyst IQ Website/apps/backend/vendor/laravel/framework/src/Illuminate/Foundation/Http/Middleware/ConvertEmptyStringsToNull.php(31): Illuminate\\Foundation\\Http\\Middleware\\TransformsRequest->handle(Object(Illuminate\\Http\\Request), Object(Closure))
#59 /Users/meshach/Code/Catalyst-Internal/Catalyst IQ Website/apps/backend/vendor/laravel/framework/src/Illuminate/Pipeline/Pipeline.php(209): Illuminate\\Foundation\\Http\\Middleware\\ConvertEmptyStringsToNull->handle(Object(Illuminate\\Http\\Request), Object(Closure))
#60 /Users/meshach/Code/Catalyst-Internal/Catalyst IQ Website/apps/backend/vendor/laravel/framework/src/Illuminate/Foundation/Http/Middleware/TransformsRequest.php(21): Illuminate\\Pipeline\\Pipeline->{closure:{closure:Illuminate\\Pipeline\\Pipeline::carry():184}:185}(Object(Illuminate\\Http\\Request))
#61 /Users/meshach/Code/Catalyst-Internal/Catalyst IQ Website/apps/backend/vendor/laravel/framework/src/Illuminate/Foundation/Http/Middleware/TrimStrings.php(51): Illuminate\\Foundation\\Http\\Middleware\\TransformsRequest->handle(Object(Illuminate\\Http\\Request), Object(Closure))
#62 /Users/meshach/Code/Catalyst-Internal/Catalyst IQ Website/apps/backend/vendor/laravel/framework/src/Illuminate/Pipeline/Pipeline.php(209): Illuminate\\Foundation\\Http\\Middleware\\TrimStrings->handle(Object(Illuminate\\Http\\Request), Object(Closure))
#63 /Users/meshach/Code/Catalyst-Internal/Catalyst IQ Website/apps/backend/vendor/laravel/framework/src/Illuminate/Http/Middleware/ValidatePostSize.php(27): Illuminate\\Pipeline\\Pipeline->{closure:{closure:Illuminate\\Pipeline\\Pipeline::carry():184}:185}(Object(Illuminate\\Http\\Request))
#64 /Users/meshach/Code/Catalyst-Internal/Catalyst IQ Website/apps/backend/vendor/laravel/framework/src/Illuminate/Pipeline/Pipeline.php(209): Illuminate\\Http\\Middleware\\ValidatePostSize->handle(Object(Illuminate\\Http\\Request), Object(Closure))
#65 /Users/meshach/Code/Catalyst-Internal/Catalyst IQ Website/apps/backend/vendor/laravel/framework/src/Illuminate/Foundation/Http/Middleware/PreventRequestsDuringMaintenance.php(110): Illuminate\\Pipeline\\Pipeline->{closure:{closure:Illuminate\\Pipeline\\Pipeline::carry():184}:185}(Object(Illuminate\\Http\\Request))
#66 /Users/meshach/Code/Catalyst-Internal/Catalyst IQ Website/apps/backend/vendor/laravel/framework/src/Illuminate/Pipeline/Pipeline.php(209): Illuminate\\Foundation\\Http\\Middleware\\PreventRequestsDuringMaintenance->handle(Object(Illuminate\\Http\\Request), Object(Closure))
#67 /Users/meshach/Code/Catalyst-Internal/Catalyst IQ Website/apps/backend/vendor/laravel/framework/src/Illuminate/Http/Middleware/HandleCors.php(62): Illuminate\\Pipeline\\Pipeline->{closure:{closure:Illuminate\\Pipeline\\Pipeline::carry():184}:185}(Object(Illuminate\\Http\\Request))
#68 /Users/meshach/Code/Catalyst-Internal/Catalyst IQ Website/apps/backend/vendor/laravel/framework/src/Illuminate/Pipeline/Pipeline.php(209): Illuminate\\Http\\Middleware\\HandleCors->handle(Object(Illuminate\\Http\\Request), Object(Closure))
#69 /Users/meshach/Code/Catalyst-Internal/Catalyst IQ Website/apps/backend/vendor/laravel/framework/src/Illuminate/Http/Middleware/TrustProxies.php(58): Illuminate\\Pipeline\\Pipeline->{closure:{closure:Illuminate\\Pipeline\\Pipeline::carry():184}:185}(Object(Illuminate\\Http\\Request))
#70 /Users/meshach/Code/Catalyst-Internal/Catalyst IQ Website/apps/backend/vendor/laravel/framework/src/Illuminate/Pipeline/Pipeline.php(209): Illuminate\\Http\\Middleware\\TrustProxies->handle(Object(Illuminate\\Http\\Request), Object(Closure))
#71 /Users/meshach/Code/Catalyst-Internal/Catalyst IQ Website/apps/backend/vendor/laravel/framework/src/Illuminate/Foundation/Http/Middleware/InvokeDeferredCallbacks.php(22): Illuminate\\Pipeline\\Pipeline->{closure:{closure:Illuminate\\Pipeline\\Pipeline::carry():184}:185}(Object(Illuminate\\Http\\Request))
#72 /Users/meshach/Code/Catalyst-Internal/Catalyst IQ Website/apps/backend/vendor/laravel/framework/src/Illuminate/Pipeline/Pipeline.php(209): Illuminate\\Foundation\\Http\\Middleware\\InvokeDeferredCallbacks->handle(Object(Illuminate\\Http\\Request), Object(Closure))
#73 /Users/meshach/Code/Catalyst-Internal/Catalyst IQ Website/apps/backend/vendor/laravel/framework/src/Illuminate/Pipeline/Pipeline.php(127): Illuminate\\Pipeline\\Pipeline->{closure:{closure:Illuminate\\Pipeline\\Pipeline::carry():184}:185}(Object(Illuminate\\Http\\Request))
#74 /Users/meshach/Code/Catalyst-Internal/Catalyst IQ Website/apps/backend/vendor/laravel/framework/src/Illuminate/Foundation/Http/Kernel.php(176): Illuminate\\Pipeline\\Pipeline->then(Object(Closure))
#75 /Users/meshach/Code/Catalyst-Internal/Catalyst IQ Website/apps/backend/vendor/laravel/framework/src/Illuminate/Foundation/Http/Kernel.php(145): Illuminate\\Foundation\\Http\\Kernel->sendRequestThroughRouter(Object(Illuminate\\Http\\Request))
#76 /Users/meshach/Code/Catalyst-Internal/Catalyst IQ Website/apps/backend/vendor/laravel/framework/src/Illuminate/Foundation/Application.php(1220): Illuminate\\Foundation\\Http\\Kernel->handle(Object(Illuminate\\Http\\Request))
#77 /Users/meshach/Code/Catalyst-Internal/Catalyst IQ Website/apps/backend/public/index.php(20): Illuminate\\Foundation\\Application->handleRequest(Object(Illuminate\\Http\\Request))
#78 /Users/meshach/Code/Catalyst-Internal/Catalyst IQ Website/apps/backend/vendor/laravel/framework/src/Illuminate/Foundation/resources/server.php(23): require_once('/Users/meshach/...')
#79 {main}
"} 
[2026-05-16 21:50:56] local.ERROR: Statamic Pro is required for multiple users. {"userId":2,"exception":"[object] (Statamic\\Exceptions\\StatamicProRequiredException(code: 0): Statamic Pro is required for multiple users. at /Users/meshach/Code/Catalyst-Internal/Catalyst IQ Website/apps/backend/vendor/statamic/cms/src/Http/Middleware/CP/CountUsers.php:15)
[stacktrace]
#0 /Users/meshach/Code/Catalyst-Internal/Catalyst IQ Website/apps/backend/vendor/laravel/framework/src/Illuminate/Pipeline/Pipeline.php(209): Statamic\\Http\\Middleware\\CP\\CountUsers->handle(Object(Illuminate\\Http\\Request), Object(Closure))
#1 /Users/meshach/Code/Catalyst-Internal/Catalyst IQ Website/apps/backend/vendor/statamic/cms/src/Http/Middleware/CP/BootUtilities.php(14): Illuminate\\Pipeline\\Pipeline->{closure:{closure:Illuminate\\Pipeline\\Pipeline::carry():184}:185}(Object(Illuminate\\Http\\Request))
#2 /Users/meshach/Code/Catalyst-Internal/Catalyst IQ Website/apps/backend/vendor/laravel/framework/src/Illuminate/Pipeline/Pipeline.php(209): Statamic\\Http\\Middleware\\CP\\BootUtilities->handle(Object(Illuminate\\Http\\Request), Object(Closure))
#3 /Users/meshach/Code/Catalyst-Internal/Catalyst IQ Website/apps/backend/vendor/statamic/cms/src/Http/Middleware/CP/BootPreferences.php(14): Illuminate\\Pipeline\\Pipeline->{closure:{closure:Illuminate\\Pipeline\\Pipeline::carry():184}:185}(Object(Illuminate\\Http\\Request))
#4 /Users/meshach/Code/Catalyst-Internal/Catalyst IQ Website/apps/backend/vendor/laravel/framework/src/Illuminate/Pipeline/Pipeline.php(209): Statamic\\Http\\Middleware\\CP\\BootPreferences->handle(Object(Illuminate\\Http\\Request), Object(Closure))
#5 /Users/meshach/Code/Catalyst-Internal/Catalyst IQ Website/apps/backend/vendor/statamic/cms/src/Http/Middleware/CP/BootPermissions.php(14): Illuminate\\Pipeline\\Pipeline->{closure:{closure:Illuminate\\Pipeline\\Pipeline::carry():184}:185}(Object(Illuminate\\Http\\Request))
#6 /Users/meshach/Code/Catalyst-Internal/Catalyst IQ Website/apps/backend/vendor/laravel/framework/src/Illuminate/Pipeline/Pipeline.php(209): Statamic\\Http\\Middleware\\CP\\BootPermissions->handle(Object(Illuminate\\Http\\Request), Object(Closure))
#7 /Users/meshach/Code/Catalyst-Internal/Catalyst IQ Website/apps/backend/vendor/statamic/cms/src/Http/Middleware/CP/SelectedSite.php(17): Illuminate\\Pipeline\\Pipeline->{closure:{closure:Illuminate\\Pipeline\\Pipeline::carry():184}:185}(Object(Illuminate\\Http\\Request))
#8 /Users/meshach/Code/Catalyst-Internal/Catalyst IQ Website/apps/backend/vendor/laravel/framework/src/Illuminate/Pipeline/Pipeline.php(209): Statamic\\Http\\Middleware\\CP\\SelectedSite->handle(Object(Illuminate\\Http\\Request), Object(Closure))
#9 /Users/meshach/Code/Catalyst-Internal/Catalyst IQ Website/apps/backend/vendor/statamic/cms/src/Http/Middleware/CP/Localize.php(19): Illuminate\\Pipeline\\Pipeline->{closure:{closure:Illuminate\\Pipeline\\Pipeline::carry():184}:185}(Object(Illuminate\\Http\\Request))
#10 /Users/meshach/Code/Catalyst-Internal/Catalyst IQ Website/apps/backend/vendor/laravel/framework/src/Illuminate/Pipeline/Pipeline.php(209): Statamic\\Http\\Middleware\\CP\\Localize->handle(Object(Illuminate\\Http\\Request), Object(Closure))
#11 /Users/meshach/Code/Catalyst-Internal/Catalyst IQ Website/apps/backend/vendor/statamic/cms/src/Http/Middleware/CP/Authorize.php(25): Illuminate\\Pipeline\\Pipeline->{closure:{closure:Illuminate\\Pipeline\\Pipeline::carry():184}:185}(Object(Illuminate\\Http\\Request))
#12 /Users/meshach/Code/Catalyst-Internal/Catalyst IQ Website/apps/backend/vendor/laravel/framework/src/Illuminate/Pipeline/Pipeline.php(209): Statamic\\Http\\Middleware\\CP\\Authorize->handle(Object(Illuminate\\Http\\Request), Object(Closure))
#13 /Users/meshach/Code/Catalyst-Internal/Catalyst IQ Website/apps/backend/vendor/laravel/framework/src/Illuminate/Foundation/Http/Middleware/TransformsRequest.php(21): Illuminate\\Pipeline\\Pipeline->{closure:{closure:Illuminate\\Pipeline\\Pipeline::carry():184}:185}(Object(Illuminate\\Http\\Request))
#14 /Users/meshach/Code/Catalyst-Internal/Catalyst IQ Website/apps/backend/vendor/laravel/framework/src/Illuminate/Pipeline/Pipeline.php(209): Illuminate\\Foundation\\Http\\Middleware\\TransformsRequest->handle(Object(Illuminate\\Http\\Request), Object(Closure))
#15 /Users/meshach/Code/Catalyst-Internal/Catalyst IQ Website/apps/backend/vendor/statamic/cms/src/Http/Middleware/CP/AddToasts.php(22): Illuminate\\Pipeline\\Pipeline->{closure:{closure:Illuminate\\Pipeline\\Pipeline::carry():184}:185}(Object(Illuminate\\Http\\Request))
#16 /Users/meshach/Code/Catalyst-Internal/Catalyst IQ Website/apps/backend/vendor/laravel/framework/src/Illuminate/Pipeline/Pipeline.php(209): Statamic\\Http\\Middleware\\CP\\AddToasts->handle(Object(Illuminate\\Http\\Request), Object(Closure))
#17 /Users/meshach/Code/Catalyst-Internal/Catalyst IQ Website/apps/backend/vendor/statamic/cms/src/Http/Middleware/CP/AuthGuard.php(14): Illuminate\\Pipeline\\Pipeline->{closure:{closure:Illuminate\\Pipeline\\Pipeline::carry():184}:185}(Object(Illuminate\\Http\\Request))
#18 /Users/meshach/Code/Catalyst-Internal/Catalyst IQ Website/apps/backend/vendor/laravel/framework/src/Illuminate/Pipeline/Pipeline.php(209): Statamic\\Http\\Middleware\\CP\\AuthGuard->handle(Object(Illuminate\\Http\\Request), Object(Closure))
#19 /Users/meshach/Code/Catalyst-Internal/Catalyst IQ Website/apps/backend/vendor/statamic/cms/src/Http/Middleware/CP/ContactOutpost.php(21): Illuminate\\Pipeline\\Pipeline->{closure:{closure:Illuminate\\Pipeline\\Pipeline::carry():184}:185}(Object(Illuminate\\Http\\Request))
#20 /Users/meshach/Code/Catalyst-Internal/Catalyst IQ Website/apps/backend/vendor/laravel/framework/src/Illuminate/Pipeline/Pipeline.php(209): Statamic\\Http\\Middleware\\CP\\ContactOutpost->handle(Object(Illuminate\\Http\\Request), Object(Closure))
#21 /Users/meshach/Code/Catalyst-Internal/Catalyst IQ Website/apps/backend/vendor/laravel/framework/src/Illuminate/Routing/Middleware/SubstituteBindings.php(51): Illuminate\\Pipeline\\Pipeline->{closure:{closure:Illuminate\\Pipeline\\Pipeline::carry():184}:185}(Object(Illuminate\\Http\\Request))
#22 /Users/meshach/Code/Catalyst-Internal/Catalyst IQ Website/apps/backend/vendor/laravel/framework/src/Illuminate/Pipeline/Pipeline.php(209): Illuminate\\Routing\\Middleware\\SubstituteBindings->handle(Object(Illuminate\\Http\\Request), Object(Closure))
#23 /Users/meshach/Code/Catalyst-Internal/Catalyst IQ Website/apps/backend/vendor/laravel/framework/src/Illuminate/Session/Middleware/AuthenticateSession.php(67): Illuminate\\Pipeline\\Pipeline->{closure:{closure:Illuminate\\Pipeline\\Pipeline::carry():184}:185}(Object(Illuminate\\Http\\Request))
#24 /Users/meshach/Code/Catalyst-Internal/Catalyst IQ Website/apps/backend/vendor/laravel/framework/src/Illuminate/Pipeline/Pipeline.php(209): Illuminate\\Session\\Middleware\\AuthenticateSession->handle(Object(Illuminate\\Http\\Request), Object(Closure))
#25 /Users/meshach/Code/Catalyst-Internal/Catalyst IQ Website/apps/backend/vendor/laravel/framework/src/Illuminate/Foundation/Http/Middleware/VerifyCsrfToken.php(88): Illuminate\\Pipeline\\Pipeline->{closure:{closure:Illuminate\\Pipeline\\Pipeline::carry():184}:185}(Object(Illuminate\\Http\\Request))
#26 /Users/meshach/Code/Catalyst-Internal/Catalyst IQ Website/apps/backend/vendor/laravel/framework/src/Illuminate/Pipeline/Pipeline.php(209): Illuminate\\Foundation\\Http\\Middleware\\VerifyCsrfToken->handle(Object(Illuminate\\Http\\Request), Object(Closure))
#27 /Users/meshach/Code/Catalyst-Internal/Catalyst IQ Website/apps/backend/vendor/laravel/framework/src/Illuminate/View/Middleware/ShareErrorsFromSession.php(49): Illuminate\\Pipeline\\Pipeline->{closure:{closure:Illuminate\\Pipeline\\Pipeline::carry():184}:185}(Object(Illuminate\\Http\\Request))
#28 /Users/meshach/Code/Catalyst-Internal/Catalyst IQ Website/apps/backend/vendor/laravel/framework/src/Illuminate/Pipeline/Pipeline.php(209): Illuminate\\View\\Middleware\\ShareErrorsFromSession->handle(Object(Illuminate\\Http\\Request), Object(Closure))
#29 /Users/meshach/Code/Catalyst-Internal/Catalyst IQ Website/apps/backend/vendor/laravel/framework/src/Illuminate/Session/Middleware/StartSession.php(121): Illuminate\\Pipeline\\Pipeline->{closure:{closure:Illuminate\\Pipeline\\Pipeline::carry():184}:185}(Object(Illuminate\\Http\\Request))
#30 /Users/meshach/Code/Catalyst-Internal/Catalyst IQ Website/apps/backend/vendor/laravel/framework/src/Illuminate/Session/Middleware/StartSession.php(64): Illuminate\\Session\\Middleware\\StartSession->handleStatefulRequest(Object(Illuminate\\Http\\Request), Object(Illuminate\\Session\\Store), Object(Closure))
#31 /Users/meshach/Code/Catalyst-Internal/Catalyst IQ Website/apps/backend/vendor/laravel/framework/src/Illuminate/Pipeline/Pipeline.php(209): Illuminate\\Session\\Middleware\\StartSession->handle(Object(Illuminate\\Http\\Request), Object(Closure))
#32 /Users/meshach/Code/Catalyst-Internal/Catalyst IQ Website/apps/backend/vendor/laravel/framework/src/Illuminate/Cookie/Middleware/AddQueuedCookiesToResponse.php(37): Illuminate\\Pipeline\\Pipeline->{closure:{closure:Illuminate\\Pipeline\\Pipeline::carry():184}:185}(Object(Illuminate\\Http\\Request))
#33 /Users/meshach/Code/Catalyst-Internal/Catalyst IQ Website/apps/backend/vendor/laravel/framework/src/Illuminate/Pipeline/Pipeline.php(209): Illuminate\\Cookie\\Middleware\\AddQueuedCookiesToResponse->handle(Object(Illuminate\\Http\\Request), Object(Closure))
#34 /Users/meshach/Code/Catalyst-Internal/Catalyst IQ Website/apps/backend/vendor/laravel/framework/src/Illuminate/Cookie/Middleware/EncryptCookies.php(75): Illuminate\\Pipeline\\Pipeline->{closure:{closure:Illuminate\\Pipeline\\Pipeline::carry():184}:185}(Object(Illuminate\\Http\\Request))
#35 /Users/meshach/Code/Catalyst-Internal/Catalyst IQ Website/apps/backend/vendor/laravel/framework/src/Illuminate/Pipeline/Pipeline.php(209): Illuminate\\Cookie\\Middleware\\EncryptCookies->handle(Object(Illuminate\\Http\\Request), Object(Closure))
#36 /Users/meshach/Code/Catalyst-Internal/Catalyst IQ Website/apps/backend/vendor/statamic/cms/src/Http/Middleware/SwapExceptionHandler.php(19): Illuminate\\Pipeline\\Pipeline->{closure:{closure:Illuminate\\Pipeline\\Pipeline::carry():184}:185}(Object(Illuminate\\Http\\Request))
#37 /Users/meshach/Code/Catalyst-Internal/Catalyst IQ Website/apps/backend/vendor/laravel/framework/src/Illuminate/Pipeline/Pipeline.php(209): Statamic\\Http\\Middleware\\SwapExceptionHandler->handle(Object(Illuminate\\Http\\Request), Object(Closure))
#38 /Users/meshach/Code/Catalyst-Internal/Catalyst IQ Website/apps/backend/vendor/laravel/framework/src/Illuminate/Pipeline/Pipeline.php(127): Illuminate\\Pipeline\\Pipeline->{closure:{closure:Illuminate\\Pipeline\\Pipeline::carry():184}:185}(Object(Illuminate\\Http\\Request))
#39 /Users/meshach/Code/Catalyst-Internal/Catalyst IQ Website/apps/backend/vendor/laravel/framework/src/Illuminate/Routing/Router.php(807): Illuminate\\Pipeline\\Pipeline->then(Object(Closure))
#40 /Users/meshach/Code/Catalyst-Internal/Catalyst IQ Website/apps/backend/vendor/laravel/framework/src/Illuminate/Routing/Router.php(786): Illuminate\\Routing\\Router->runRouteWithinStack(Object(Illuminate\\Routing\\Route), Object(Illuminate\\Http\\Request))
#41 /Users/meshach/Code/Catalyst-Internal/Catalyst IQ Website/apps/backend/vendor/laravel/framework/src/Illuminate/Routing/Router.php(750): Illuminate\\Routing\\Router->runRoute(Object(Illuminate\\Http\\Request), Object(Illuminate\\Routing\\Route))
#42 /Users/meshach/Code/Catalyst-Internal/Catalyst IQ Website/apps/backend/vendor/laravel/framework/src/Illuminate/Routing/Router.php(739): Illuminate\\Routing\\Router->dispatchToRoute(Object(Illuminate\\Http\\Request))
#43 /Users/meshach/Code/Catalyst-Internal/Catalyst IQ Website/apps/backend/vendor/laravel/framework/src/Illuminate/Foundation/Http/Kernel.php(201): Illuminate\\Routing\\Router->dispatch(Object(Illuminate\\Http\\Request))
#44 /Users/meshach/Code/Catalyst-Internal/Catalyst IQ Website/apps/backend/vendor/laravel/framework/src/Illuminate/Pipeline/Pipeline.php(170): Illuminate\\Foundation\\Http\\Kernel->{closure:Illuminate\\Foundation\\Http\\Kernel::dispatchToRouter():198}(Object(Illuminate\\Http\\Request))
#45 /Users/meshach/Code/Catalyst-Internal/Catalyst IQ Website/apps/backend/vendor/statamic/cms/src/Http/Middleware/StopImpersonating.php(12): Illuminate\\Pipeline\\Pipeline->{closure:Illuminate\\Pipeline\\Pipeline::prepareDestination():168}(Object(Illuminate\\Http\\Request))
#46 /Users/meshach/Code/Catalyst-Internal/Catalyst IQ Website/apps/backend/vendor/laravel/framework/src/Illuminate/Pipeline/Pipeline.php(209): Statamic\\Http\\Middleware\\StopImpersonating->handle(Object(Illuminate\\Http\\Request), Object(Closure))
#47 /Users/meshach/Code/Catalyst-Internal/Catalyst IQ Website/apps/backend/vendor/statamic/cms/src/Http/Middleware/DisableFloc.php(17): Illuminate\\Pipeline\\Pipeline->{closure:{closure:Illuminate\\Pipeline\\Pipeline::carry():184}:185}(Object(Illuminate\\Http\\Request))
#48 /Users/meshach/Code/Catalyst-Internal/Catalyst IQ Website/apps/backend/vendor/laravel/framework/src/Illuminate/Pipeline/Pipeline.php(209): Statamic\\Http\\Middleware\\DisableFloc->handle(Object(Illuminate\\Http\\Request), Object(Closure))
#49 /Users/meshach/Code/Catalyst-Internal/Catalyst IQ Website/apps/backend/vendor/statamic/cms/src/Http/Middleware/CheckMultisite.php(15): Illuminate\\Pipeline\\Pipeline->{closure:{closure:Illuminate\\Pipeline\\Pipeline::carry():184}:185}(Object(Illuminate\\Http\\Request))
#50 /Users/meshach/Code/Catalyst-Internal/Catalyst IQ Website/apps/backend/vendor/laravel/framework/src/Illuminate/Pipeline/Pipeline.php(209): Statamic\\Http\\Middleware\\CheckMultisite->handle(Object(Illuminate\\Http\\Request), Object(Closure))
#51 /Users/meshach/Code/Catalyst-Internal/Catalyst IQ Website/apps/backend/vendor/statamic/cms/src/Http/Middleware/CheckComposerJsonScripts.php(21): Illuminate\\Pipeline\\Pipeline->{closure:{closure:Illuminate\\Pipeline\\Pipeline::carry():184}:185}(Object(Illuminate\\Http\\Request))
#52 /Users/meshach/Code/Catalyst-Internal/Catalyst IQ Website/apps/backend/vendor/laravel/framework/src/Illuminate/Pipeline/Pipeline.php(209): Statamic\\Http\\Middleware\\CheckComposerJsonScripts->handle(Object(Illuminate\\Http\\Request), Object(Closure))
#53 /Users/meshach/Code/Catalyst-Internal/Catalyst IQ Website/apps/backend/vendor/statamic/cms/src/Http/Middleware/PoweredByHeader.php(18): Illuminate\\Pipeline\\Pipeline->{closure:{closure:Illuminate\\Pipeline\\Pipeline::carry():184}:185}(Object(Illuminate\\Http\\Request))
#54 /Users/meshach/Code/Catalyst-Internal/Catalyst IQ Website/apps/backend/vendor/laravel/framework/src/Illuminate/Pipeline/Pipeline.php(209): Statamic\\Http\\Middleware\\PoweredByHeader->handle(Object(Illuminate\\Http\\Request), Object(Closure))
#55 /Users/meshach/Code/Catalyst-Internal/Catalyst IQ Website/apps/backend/vendor/livewire/livewire/src/Features/SupportDisablingBackButtonCache/DisableBackButtonCacheMiddleware.php(19): Illuminate\\Pipeline\\Pipeline->{closure:{closure:Illuminate\\Pipeline\\Pipeline::carry():184}:185}(Object(Illuminate\\Http\\Request))
#56 /Users/meshach/Code/Catalyst-Internal/Catalyst IQ Website/apps/backend/vendor/laravel/framework/src/Illuminate/Pipeline/Pipeline.php(209): Livewire\\Features\\SupportDisablingBackButtonCache\\DisableBackButtonCacheMiddleware->handle(Object(Illuminate\\Http\\Request), Object(Closure))
#57 /Users/meshach/Code/Catalyst-Internal/Catalyst IQ Website/apps/backend/vendor/laravel/framework/src/Illuminate/Foundation/Http/Middleware/TransformsRequest.php(21): Illuminate\\Pipeline\\Pipeline->{closure:{closure:Illuminate\\Pipeline\\Pipeline::carry():184}:185}(Object(Illuminate\\Http\\Request))
#58 /Users/meshach/Code/Catalyst-Internal/Catalyst IQ Website/apps/backend/vendor/laravel/framework/src/Illuminate/Foundation/Http/Middleware/ConvertEmptyStringsToNull.php(31): Illuminate\\Foundation\\Http\\Middleware\\TransformsRequest->handle(Object(Illuminate\\Http\\Request), Object(Closure))
#59 /Users/meshach/Code/Catalyst-Internal/Catalyst IQ Website/apps/backend/vendor/laravel/framework/src/Illuminate/Pipeline/Pipeline.php(209): Illuminate\\Foundation\\Http\\Middleware\\ConvertEmptyStringsToNull->handle(Object(Illuminate\\Http\\Request), Object(Closure))
#60 /Users/meshach/Code/Catalyst-Internal/Catalyst IQ Website/apps/backend/vendor/laravel/framework/src/Illuminate/Foundation/Http/Middleware/TransformsRequest.php(21): Illuminate\\Pipeline\\Pipeline->{closure:{closure:Illuminate\\Pipeline\\Pipeline::carry():184}:185}(Object(Illuminate\\Http\\Request))
#61 /Users/meshach/Code/Catalyst-Internal/Catalyst IQ Website/apps/backend/vendor/laravel/framework/src/Illuminate/Foundation/Http/Middleware/TrimStrings.php(51): Illuminate\\Foundation\\Http\\Middleware\\TransformsRequest->handle(Object(Illuminate\\Http\\Request), Object(Closure))
#62 /Users/meshach/Code/Catalyst-Internal/Catalyst IQ Website/apps/backend/vendor/laravel/framework/src/Illuminate/Pipeline/Pipeline.php(209): Illuminate\\Foundation\\Http\\Middleware\\TrimStrings->handle(Object(Illuminate\\Http\\Request), Object(Closure))
#63 /Users/meshach/Code/Catalyst-Internal/Catalyst IQ Website/apps/backend/vendor/laravel/framework/src/Illuminate/Http/Middleware/ValidatePostSize.php(27): Illuminate\\Pipeline\\Pipeline->{closure:{closure:Illuminate\\Pipeline\\Pipeline::carry():184}:185}(Object(Illuminate\\Http\\Request))
#64 /Users/meshach/Code/Catalyst-Internal/Catalyst IQ Website/apps/backend/vendor/laravel/framework/src/Illuminate/Pipeline/Pipeline.php(209): Illuminate\\Http\\Middleware\\ValidatePostSize->handle(Object(Illuminate\\Http\\Request), Object(Closure))
#65 /Users/meshach/Code/Catalyst-Internal/Catalyst IQ Website/apps/backend/vendor/laravel/framework/src/Illuminate/Foundation/Http/Middleware/PreventRequestsDuringMaintenance.php(110): Illuminate\\Pipeline\\Pipeline->{closure:{closure:Illuminate\\Pipeline\\Pipeline::carry():184}:185}(Object(Illuminate\\Http\\Request))
#66 /Users/meshach/Code/Catalyst-Internal/Catalyst IQ Website/apps/backend/vendor/laravel/framework/src/Illuminate/Pipeline/Pipeline.php(209): Illuminate\\Foundation\\Http\\Middleware\\PreventRequestsDuringMaintenance->handle(Object(Illuminate\\Http\\Request), Object(Closure))
#67 /Users/meshach/Code/Catalyst-Internal/Catalyst IQ Website/apps/backend/vendor/laravel/framework/src/Illuminate/Http/Middleware/HandleCors.php(62): Illuminate\\Pipeline\\Pipeline->{closure:{closure:Illuminate\\Pipeline\\Pipeline::carry():184}:185}(Object(Illuminate\\Http\\Request))
#68 /Users/meshach/Code/Catalyst-Internal/Catalyst IQ Website/apps/backend/vendor/laravel/framework/src/Illuminate/Pipeline/Pipeline.php(209): Illuminate\\Http\\Middleware\\HandleCors->handle(Object(Illuminate\\Http\\Request), Object(Closure))
#69 /Users/meshach/Code/Catalyst-Internal/Catalyst IQ Website/apps/backend/vendor/laravel/framework/src/Illuminate/Http/Middleware/TrustProxies.php(58): Illuminate\\Pipeline\\Pipeline->{closure:{closure:Illuminate\\Pipeline\\Pipeline::carry():184}:185}(Object(Illuminate\\Http\\Request))
#70 /Users/meshach/Code/Catalyst-Internal/Catalyst IQ Website/apps/backend/vendor/laravel/framework/src/Illuminate/Pipeline/Pipeline.php(209): Illuminate\\Http\\Middleware\\TrustProxies->handle(Object(Illuminate\\Http\\Request), Object(Closure))
#71 /Users/meshach/Code/Catalyst-Internal/Catalyst IQ Website/apps/backend/vendor/laravel/framework/src/Illuminate/Foundation/Http/Middleware/InvokeDeferredCallbacks.php(22): Illuminate\\Pipeline\\Pipeline->{closure:{closure:Illuminate\\Pipeline\\Pipeline::carry():184}:185}(Object(Illuminate\\Http\\Request))
#72 /Users/meshach/Code/Catalyst-Internal/Catalyst IQ Website/apps/backend/vendor/laravel/framework/src/Illuminate/Pipeline/Pipeline.php(209): Illuminate\\Foundation\\Http\\Middleware\\InvokeDeferredCallbacks->handle(Object(Illuminate\\Http\\Request), Object(Closure))
#73 /Users/meshach/Code/Catalyst-Internal/Catalyst IQ Website/apps/backend/vendor/laravel/framework/src/Illuminate/Pipeline/Pipeline.php(127): Illuminate\\Pipeline\\Pipeline->{closure:{closure:Illuminate\\Pipeline\\Pipeline::carry():184}:185}(Object(Illuminate\\Http\\Request))
#74 /Users/meshach/Code/Catalyst-Internal/Catalyst IQ Website/apps/backend/vendor/laravel/framework/src/Illuminate/Foundation/Http/Kernel.php(176): Illuminate\\Pipeline\\Pipeline->then(Object(Closure))
#75 /Users/meshach/Code/Catalyst-Internal/Catalyst IQ Website/apps/backend/vendor/laravel/framework/src/Illuminate/Foundation/Http/Kernel.php(145): Illuminate\\Foundation\\Http\\Kernel->sendRequestThroughRouter(Object(Illuminate\\Http\\Request))
#76 /Users/meshach/Code/Catalyst-Internal/Catalyst IQ Website/apps/backend/vendor/laravel/framework/src/Illuminate/Foundation/Application.php(1220): Illuminate\\Foundation\\Http\\Kernel->handle(Object(Illuminate\\Http\\Request))
#77 /Users/meshach/Code/Catalyst-Internal/Catalyst IQ Website/apps/backend/public/index.php(20): Illuminate\\Foundation\\Application->handleRequest(Object(Illuminate\\Http\\Request))
#78 /Users/meshach/Code/Catalyst-Internal/Catalyst IQ Website/apps/backend/vendor/laravel/framework/src/Illuminate/Foundation/resources/server.php(23): require_once('/Users/meshach/...')
#79 {main}
"} 
[2026-05-16 21:54:16] local.ERROR: Command "statamic:make-user" is not defined.

Did you mean one of these?
    statamic:addons:discover
    statamic:assets:clear-cache
    statamic:assets:generate-presets
    statamic:assets:meta
    statamic:auth:migration
    statamic:eloquent:export-assets
    statamic:eloquent:export-blueprints
    statamic:eloquent:export-collections
    statamic:eloquent:export-entries
    statamic:eloquent:export-forms
    statamic:eloquent:export-globals
    statamic:eloquent:export-navs
    statamic:eloquent:export-revisions
    statamic:eloquent:export-sites
    statamic:eloquent:export-taxonomies
    statamic:eloquent:import-assets
    statamic:eloquent:import-blueprints
    statamic:eloquent:import-collections
    statamic:eloquent:import-entries
    statamic:eloquent:import-forms
    statamic:eloquent:import-globals
    statamic:eloquent:import-groups
    statamic:eloquent:import-navs
    statamic:eloquent:import-revisions
    statamic:eloquent:import-roles
    statamic:eloquent:import-sites
    statamic:eloquent:import-taxonomies
    statamic:eloquent:import-users
    statamic:eloquent:sync-assets
    statamic:glide:clear
    statamic:install
    statamic:install:collaboration
    statamic:install:eloquent-driver
    statamic:install:ssg
    statamic:license:set
    statamic:make:action
    statamic:make:addon
    statamic:make:dictionary
    statamic:make:fieldtype
    statamic:make:filter
    statamic:make:modifier
    statamic:make:scope
    statamic:make:tag
    statamic:make:user
    statamic:make:widget
    statamic:multisite
    statamic:nocache:migration
    statamic:pro:enable
    statamic:search:insert
    statamic:search:update
    statamic:site:clear
    statamic:stache:clear
    statamic:stache:doctor
    statamic:stache:refresh
    statamic:stache:warm
    statamic:starter-kit:export
    statamic:starter-kit:init
    statamic:starter-kit:install
    statamic:static:clear
    statamic:static:warm
    statamic:support:details
    statamic:support:zip-blueprint
    statamic:updates:run {"exception":"[object] (Symfony\\Component\\Console\\Exception\\CommandNotFoundException(code: 0): Command \"statamic:make-user\" is not defined.

Did you mean one of these?
    statamic:addons:discover
    statamic:assets:clear-cache
    statamic:assets:generate-presets
    statamic:assets:meta
    statamic:auth:migration
    statamic:eloquent:export-assets
    statamic:eloquent:export-blueprints
    statamic:eloquent:export-collections
    statamic:eloquent:export-entries
    statamic:eloquent:export-forms
    statamic:eloquent:export-globals
    statamic:eloquent:export-navs
    statamic:eloquent:export-revisions
    statamic:eloquent:export-sites
    statamic:eloquent:export-taxonomies
    statamic:eloquent:import-assets
    statamic:eloquent:import-blueprints
    statamic:eloquent:import-collections
    statamic:eloquent:import-entries
    statamic:eloquent:import-forms
    statamic:eloquent:import-globals
    statamic:eloquent:import-groups
    statamic:eloquent:import-navs
    statamic:eloquent:import-revisions
    statamic:eloquent:import-roles
    statamic:eloquent:import-sites
    statamic:eloquent:import-taxonomies
    statamic:eloquent:import-users
    statamic:eloquent:sync-assets
    statamic:glide:clear
    statamic:install
    statamic:install:collaboration
    statamic:install:eloquent-driver
    statamic:install:ssg
    statamic:license:set
    statamic:make:action
    statamic:make:addon
    statamic:make:dictionary
    statamic:make:fieldtype
    statamic:make:filter
    statamic:make:modifier
    statamic:make:scope
    statamic:make:tag
    statamic:make:user
    statamic:make:widget
    statamic:multisite
    statamic:nocache:migration
    statamic:pro:enable
    statamic:search:insert
    statamic:search:update
    statamic:site:clear
    statamic:stache:clear
    statamic:stache:doctor
    statamic:stache:refresh
    statamic:stache:warm
    statamic:starter-kit:export
    statamic:starter-kit:init
    statamic:starter-kit:install
    statamic:static:clear
    statamic:static:warm
    statamic:support:details
    statamic:support:zip-blueprint
    statamic:updates:run at /Users/meshach/Code/Catalyst-Internal/Catalyst IQ Website/apps/backend/vendor/symfony/console/Application.php:759)
[stacktrace]
#0 /Users/meshach/Code/Catalyst-Internal/Catalyst IQ Website/apps/backend/vendor/symfony/console/Application.php(298): Symfony\\Component\\Console\\Application->find('statamic:make-u...')
#1 /Users/meshach/Code/Catalyst-Internal/Catalyst IQ Website/apps/backend/vendor/symfony/console/Application.php(195): Symfony\\Component\\Console\\Application->doRun(Object(Symfony\\Component\\Console\\Input\\ArgvInput), Object(Symfony\\Component\\Console\\Output\\ConsoleOutput))
#2 /Users/meshach/Code/Catalyst-Internal/Catalyst IQ Website/apps/backend/vendor/laravel/framework/src/Illuminate/Foundation/Console/Kernel.php(198): Symfony\\Component\\Console\\Application->run(Object(Symfony\\Component\\Console\\Input\\ArgvInput), Object(Symfony\\Component\\Console\\Output\\ConsoleOutput))
#3 /Users/meshach/Code/Catalyst-Internal/Catalyst IQ Website/apps/backend/vendor/laravel/framework/src/Illuminate/Foundation/Application.php(1235): Illuminate\\Foundation\\Console\\Kernel->handle(Object(Symfony\\Component\\Console\\Input\\ArgvInput), Object(Symfony\\Component\\Console\\Output\\ConsoleOutput))
#4 /Users/meshach/Code/Catalyst-Internal/Catalyst IQ Website/apps/backend/artisan(16): Illuminate\\Foundation\\Application->handleCommand(Object(Symfony\\Component\\Console\\Input\\ArgvInput))
#5 {main}
"} 
